"prov","year","id","dd","ypd","sia.d","sr.d","st.d","ad","xd.sim"
1,1,1,1,1,2,2,2,7,0
2,1,1,1,2,4,8,4,11,1
3,1,1,1,3,2,10,2,11,0
4,1,1,1,4,4,16,4,10,1
5,1,1,1,5,2,18,2,10,0
6,1,1,1,6,3,23,3,24,1
7,1,1,1,7,3,27,3,5,1
8,1,1,1,8,2,30,2,40,1
9,1,1,1,9,2,34,2,8,0
10,1,1,1,10,2,38,2,17,1
11,1,1,1,11,3,43,3,11,1
1,2,1,1,12,2,2,6,18,0
2,2,1,1,13,2,6,6,14,0
3,2,1,1,14,3,11,7,16,1
4,2,1,1,15,4,16,8,16,1
5,2,1,1,16,4,20,8,7,0
6,2,1,1,17,4,24,8,12,1
7,2,1,1,18,2,26,6,16,0
8,2,1,1,19,2,30,6,9,0
9,2,1,1,20,3,35,7,20,1
10,2,1,1,21,2,38,6,16,0
11,2,1,1,22,3,43,7,50,1
1,3,1,1,23,3,3,11,22,0
2,3,1,1,24,3,7,11,11,1
3,3,1,1,25,3,11,11,18,1
4,3,1,1,26,2,14,10,11,0
5,3,1,1,27,1,17,9,26,1
6,3,1,1,28,4,24,12,11,1
7,3,1,1,29,4,28,12,22,1
8,3,1,1,30,3,31,11,14,1
9,3,1,1,31,3,35,11,95,1
10,3,1,1,32,3,39,11,16,1
11,3,1,1,33,2,42,10,13,1
1,4,1,1,34,3,3,15,8,0
2,4,1,1,35,3,7,15,14,1
3,4,1,1,36,2,10,14,15,0
4,4,1,1,37,3,15,15,8,1
5,4,1,1,38,2,18,14,17,0
6,4,1,1,39,3,23,15,10,1
7,4,1,1,40,3,27,15,23,1
8,4,1,1,41,2,30,14,15,0
9,4,1,1,42,2,34,14,10,1
10,4,1,1,43,1,37,13,6,1
11,4,1,1,44,2,42,14,17,0
1,5,1,1,45,2,2,18,14,0
2,5,1,1,46,1,5,17,15,1
3,5,1,1,47,2,10,18,12,0
4,5,1,1,48,3,15,19,6,1
5,5,1,1,49,4,20,20,12,1
6,5,1,1,50,2,22,18,14,0
7,5,1,1,51,3,27,19,30,1
8,5,1,1,52,2,30,18,8,0
9,5,1,1,53,2,34,18,5,0
10,5,1,1,54,1,37,17,13,1
11,5,1,1,55,2,42,18,8,0
1,1,2,1,1,2,2,2,13,0
2,1,2,1,2,2,6,2,41,0
3,1,2,1,3,2,10,2,12,0
4,1,2,1,4,4,16,4,7,1
5,1,2,1,5,3,19,3,8,0
6,1,2,1,6,2,22,2,9,0
7,1,2,1,7,3,27,3,12,1
8,1,2,1,8,4,32,4,22,1
9,1,2,1,9,2,34,2,16,0
10,1,2,1,10,4,40,4,26,1
11,1,2,1,11,2,42,2,7,0
1,2,2,1,12,3,3,7,21,1
2,2,2,1,13,3,7,7,7,1
3,2,2,1,14,3,11,7,23,1
4,2,2,1,15,2,14,6,16,0
5,2,2,1,16,3,19,7,11,1
6,2,2,1,17,1,21,5,10,1
7,2,2,1,18,3,27,7,15,1
8,2,2,1,19,1,29,5,11,1
9,2,2,1,20,4,36,8,15,1
10,2,2,1,21,2,38,6,14,0
11,2,2,1,22,2,42,6,10,0
1,3,2,1,23,2,2,10,20,0
2,3,2,1,24,2,6,10,11,0
3,3,2,1,25,2,10,10,11,0
4,3,2,1,26,3,15,11,21,1
5,3,2,1,27,1,17,9,15,1
6,3,2,1,28,3,23,11,8,1
7,3,2,1,29,1,25,9,14,1
8,3,2,1,30,4,32,12,33,1
9,3,2,1,31,1,33,9,9,1
10,3,2,1,32,2,38,10,18,0
11,3,2,1,33,2,42,10,17,1
1,4,2,1,34,3,3,15,35,1
2,4,2,1,35,4,8,16,72,1
3,4,2,1,36,3,11,15,14,1
4,4,2,1,37,3,15,15,14,1
5,4,2,1,38,2,18,14,7,0
6,4,2,1,39,2,22,14,11,0
7,4,2,1,40,2,26,14,17,0
8,4,2,1,41,2,30,14,22,0
9,4,2,1,42,3,35,15,16,1
10,4,2,1,43,2,38,14,16,0
11,4,2,1,44,3,43,15,6,1
1,5,2,1,45,4,4,20,11,0
2,5,2,1,46,2,6,18,9,0
3,5,2,1,47,4,12,20,13,1
4,5,2,1,48,3,15,19,7,1
5,5,2,1,49,2,18,18,23,0
6,5,2,1,50,4,24,20,11,1
7,5,2,1,51,1,25,17,11,1
8,5,2,1,52,3,31,19,6,1
9,5,2,1,53,2,34,18,18,0
10,5,2,1,54,4,40,20,5,1
11,5,2,1,55,2,42,18,24,0
1,1,3,1,1,3,3,3,5,1
2,1,3,1,2,3,7,3,8,0
3,1,3,1,3,2,10,2,7,0
4,1,3,1,4,1,13,1,13,1
5,1,3,1,5,2,18,2,12,0
6,1,3,1,6,3,23,3,10,1
7,1,3,1,7,2,26,2,13,1
8,1,3,1,8,3,31,3,19,1
9,1,3,1,9,2,34,2,18,1
10,1,3,1,10,3,39,3,31,1
11,1,3,1,11,3,43,3,6,1
1,2,3,1,12,3,3,7,5,1
2,2,3,1,13,3,7,7,8,1
3,2,3,1,14,3,11,7,15,1
4,2,3,1,15,2,14,6,30,0
5,2,3,1,16,2,18,6,11,0
6,2,3,1,17,2,22,6,7,0
7,2,3,1,18,2,26,6,11,0
8,2,3,1,19,3,31,7,15,1
9,2,3,1,20,3,35,7,13,1
10,2,3,1,21,3,39,7,17,1
11,2,3,1,22,3,43,7,12,1
1,3,3,1,23,3,3,11,7,1
2,3,3,1,24,2,6,10,17,0
3,3,3,1,25,3,11,11,25,1
4,3,3,1,26,3,15,11,5,1
5,3,3,1,27,3,19,11,18,1
6,3,3,1,28,3,23,11,3,1
7,3,3,1,29,1,25,9,12,1
8,3,3,1,30,3,31,11,11,1
9,3,3,1,31,3,35,11,7,1
10,3,3,1,32,1,37,9,24,1
11,3,3,1,33,2,42,10,19,1
1,4,3,1,34,3,3,15,8,1
2,4,3,1,35,4,8,16,14,0
3,4,3,1,36,4,12,16,17,1
4,4,3,1,37,2,14,14,15,0
5,4,3,1,38,2,18,14,7,0
6,4,3,1,39,3,23,15,27,1
7,4,3,1,40,2,26,14,8,0
8,4,3,1,41,1,29,13,7,1
9,4,3,1,42,1,33,13,9,1
10,4,3,1,43,1,37,13,10,1
11,4,3,1,44,3,43,15,28,1
1,5,3,1,45,4,4,20,11,0
2,5,3,1,46,2,6,18,12,0
3,5,3,1,47,4,12,20,10,1
4,5,3,1,48,2,14,18,15,0
5,5,3,1,49,3,19,19,6,1
6,5,3,1,50,3,23,19,12,1
7,5,3,1,51,3,27,19,23,1
8,5,3,1,52,2,30,18,17,0
9,5,3,1,53,2,34,18,16,0
10,5,3,1,54,2,38,18,7,0
11,5,3,1,55,2,42,18,18,0
1,1,4,1,1,4,4,4,11,0
2,1,4,1,2,3,7,3,33,1
3,1,4,1,3,3,11,3,7,1
4,1,4,1,4,3,15,3,30,1
5,1,4,1,5,2,18,2,22,0
6,1,4,1,6,2,22,2,9,0
7,1,4,1,7,3,27,3,8,1
8,1,4,1,8,3,31,3,25,1
9,1,4,1,9,3,35,3,13,1
10,1,4,1,10,3,39,3,16,1
11,1,4,1,11,4,44,4,6,1
1,2,4,1,12,4,4,8,28,1
2,2,4,1,13,4,8,8,46,1
3,2,4,1,14,3,11,7,13,1
4,2,4,1,15,4,16,8,20,1
5,2,4,1,16,1,17,5,18,1
6,2,4,1,17,4,24,8,7,1
7,2,4,1,18,4,28,8,17,1
8,2,4,1,19,2,30,6,17,0
9,2,4,1,20,4,36,8,17,1
10,2,4,1,21,3,39,7,11,1
11,2,4,1,22,1,41,5,9,1
1,3,4,1,23,4,4,12,9,0
2,3,4,1,24,3,7,11,15,1
3,3,4,1,25,3,11,11,5,1
4,3,4,1,26,3,15,11,11,1
5,3,4,1,27,3,19,11,7,1
6,3,4,1,28,3,23,11,14,1
7,3,4,1,29,1,25,9,6,1
8,3,4,1,30,1,29,9,12,1
9,3,4,1,31,3,35,11,22,1
10,3,4,1,32,3,39,11,18,1
11,3,4,1,33,1,41,9,15,1
1,4,4,1,34,3,3,15,11,1
2,4,4,1,35,3,7,15,8,1
3,4,4,1,36,1,9,13,17,1
4,4,4,1,37,2,14,14,12,0
5,4,4,1,38,1,17,13,8,1
6,4,4,1,39,3,23,15,17,1
7,4,4,1,40,2,26,14,11,0
8,4,4,1,41,2,30,14,14,0
9,4,4,1,42,1,33,13,13,1
10,4,4,1,43,3,39,15,8,1
11,4,4,1,44,4,44,16,5,1
1,5,4,1,45,4,4,20,20,1
2,5,4,1,46,2,6,18,3,0
3,5,4,1,47,3,11,19,6,1
4,5,4,1,48,3,15,19,16,1
5,5,4,1,49,2,18,18,9,0
6,5,4,1,50,2,22,18,7,1
7,5,4,1,51,2,26,18,11,1
8,5,4,1,52,2,30,18,23,0
9,5,4,1,53,3,35,19,25,1
10,5,4,1,54,4,40,20,13,1
11,5,4,1,55,2,42,18,37,1
1,1,5,1,1,3,3,3,22,1
2,1,5,1,2,3,7,3,29,1
3,1,5,1,3,3,11,3,13,1
4,1,5,1,4,1,13,1,6,1
5,1,5,1,5,2,18,2,15,0
6,1,5,1,6,2,22,2,12,0
7,1,5,1,7,2,26,2,19,1
8,1,5,1,8,3,31,3,15,1
9,1,5,1,9,2,34,2,27,0
10,1,5,1,10,1,37,1,9,1
11,1,5,1,11,1,41,1,14,1
1,2,5,1,12,2,2,6,7,0
2,2,5,1,13,2,6,6,8,0
3,2,5,1,14,3,11,7,14,0
4,2,5,1,15,3,15,7,11,1
5,2,5,1,16,1,17,5,22,1
6,2,5,1,17,3,23,7,8,1
7,2,5,1,18,2,26,6,7,0
8,2,5,1,19,2,30,6,18,0
9,2,5,1,20,3,35,7,13,1
10,2,5,1,21,2,38,6,10,0
11,2,5,1,22,1,41,5,9,1
1,3,5,1,23,4,4,12,13,0
2,3,5,1,24,2,6,10,16,0
3,3,5,1,25,4,12,12,4,0
4,3,5,1,26,2,14,10,17,0
5,3,5,1,27,3,19,11,13,1
6,3,5,1,28,3,23,11,12,1
7,3,5,1,29,3,27,11,18,1
8,3,5,1,30,3,31,11,12,1
9,3,5,1,31,2,34,10,9,0
10,3,5,1,32,3,39,11,9,1
11,3,5,1,33,3,43,11,20,1
1,4,5,1,34,2,2,14,10,0
2,4,5,1,35,2,6,14,14,0
3,4,5,1,36,3,11,15,7,1
4,4,5,1,37,2,14,14,9,0
5,4,5,1,38,3,19,15,9,1
6,4,5,1,39,1,21,13,12,1
7,4,5,1,40,1,25,13,9,1
8,4,5,1,41,4,32,16,13,1
9,4,5,1,42,4,36,16,6,1
10,4,5,1,43,3,39,15,14,1
11,4,5,1,44,3,43,15,10,1
1,5,5,1,45,3,3,19,11,1
2,5,5,1,46,3,7,19,26,1
3,5,5,1,47,4,12,20,8,1
4,5,5,1,48,3,15,19,16,1
5,5,5,1,49,3,19,19,9,1
6,5,5,1,50,3,23,19,20,1
7,5,5,1,51,4,28,20,19,1
8,5,5,1,52,2,30,18,16,0
9,5,5,1,53,3,35,19,11,1
10,5,5,1,54,2,38,18,8,0
11,5,5,1,55,3,43,19,10,1
1,1,6,1,1,4,4,4,15,0
2,1,6,1,2,2,6,2,25,0
3,1,6,1,3,2,10,2,15,0
4,1,6,1,4,1,13,1,8,1
5,1,6,1,5,2,18,2,11,1
6,1,6,1,6,3,23,3,12,1
7,1,6,1,7,2,26,2,12,0
8,1,6,1,8,2,30,2,6,0
9,1,6,1,9,1,33,1,10,1
10,1,6,1,10,3,39,3,12,1
11,1,6,1,11,2,42,2,25,0
1,2,6,1,12,2,2,6,8,0
2,2,6,1,13,2,6,6,25,0
3,2,6,1,14,1,9,5,19,1
4,2,6,1,15,4,16,8,15,0
5,2,6,1,16,3,19,7,13,1
6,2,6,1,17,3,23,7,32,1
7,2,6,1,18,1,25,5,15,1
8,2,6,1,19,4,32,8,18,1
9,2,6,1,20,4,36,8,7,1
10,2,6,1,21,3,39,7,16,1
11,2,6,1,22,1,41,5,21,1
1,3,6,1,23,4,4,12,24,0
2,3,6,1,24,1,5,9,3,1
3,3,6,1,25,3,11,11,13,0
4,3,6,1,26,4,16,12,9,1
5,3,6,1,27,3,19,11,10,1
6,3,6,1,28,3,23,11,18,1
7,3,6,1,29,2,26,10,22,0
8,3,6,1,30,2,30,10,10,0
9,3,6,1,31,2,34,10,8,0
10,3,6,1,32,2,38,10,14,0
11,3,6,1,33,3,43,11,13,1
1,4,6,1,34,4,4,16,10,0
2,4,6,1,35,2,6,14,12,0
3,4,6,1,36,3,11,15,17,1
4,4,6,1,37,2,14,14,10,0
5,4,6,1,38,3,19,15,7,1
6,4,6,1,39,2,22,14,36,0
7,4,6,1,40,3,27,15,22,1
8,4,6,1,41,3,31,15,5,1
9,4,6,1,42,3,35,15,13,1
10,4,6,1,43,2,38,14,7,0
11,4,6,1,44,2,42,14,15,1
1,5,6,1,45,2,2,18,9,0
2,5,6,1,46,2,6,18,11,0
3,5,6,1,47,4,12,20,6,0
4,5,6,1,48,3,15,19,5,1
5,5,6,1,49,3,19,19,7,1
6,5,6,1,50,3,23,19,11,1
7,5,6,1,51,3,27,19,14,1
8,5,6,1,52,3,31,19,15,1
9,5,6,1,53,3,35,19,5,1
10,5,6,1,54,2,38,18,13,1
11,5,6,1,55,1,41,17,7,1
1,1,7,1,1,2,2,2,5,0
2,1,7,1,2,3,7,3,8,1
3,1,7,1,3,1,9,1,6,1
4,1,7,1,4,2,14,2,12,0
5,1,7,1,5,2,18,2,18,0
6,1,7,1,6,2,22,2,14,0
7,1,7,1,7,2,26,2,21,0
8,1,7,1,8,2,30,2,13,0
9,1,7,1,9,1,33,1,11,1
10,1,7,1,10,1,37,1,13,1
11,1,7,1,11,3,43,3,5,1
1,2,7,1,12,3,3,7,14,1
2,2,7,1,13,1,5,5,11,1
3,2,7,1,14,1,9,5,15,1
4,2,7,1,15,2,14,6,8,0
5,2,7,1,16,3,19,7,7,1
6,2,7,1,17,3,23,7,32,1
7,2,7,1,18,2,26,6,10,1
8,2,7,1,19,3,31,7,11,1
9,2,7,1,20,1,33,5,7,1
10,2,7,1,21,3,39,7,37,1
11,2,7,1,22,3,43,7,16,1
1,3,7,1,23,4,4,12,10,1
2,3,7,1,24,4,8,12,22,1
3,3,7,1,25,3,11,11,8,1
4,3,7,1,26,3,15,11,31,1
5,3,7,1,27,3,19,11,22,1
6,3,7,1,28,3,23,11,7,1
7,3,7,1,29,1,25,9,12,1
8,3,7,1,30,3,31,11,8,1
9,3,7,1,31,2,34,10,14,1
10,3,7,1,32,1,37,9,11,1
11,3,7,1,33,2,42,10,14,1
1,4,7,1,34,1,1,13,14,1
2,4,7,1,35,3,7,15,14,1
3,4,7,1,36,1,9,13,5,1
4,4,7,1,37,1,13,13,7,1
5,4,7,1,38,4,20,16,33,0
6,4,7,1,39,2,22,14,8,0
7,4,7,1,40,3,27,15,24,1
8,4,7,1,41,3,31,15,6,1
9,4,7,1,42,1,33,13,12,1
10,4,7,1,43,1,37,13,8,1
11,4,7,1,44,2,42,14,28,0
1,5,7,1,45,1,1,17,20,1
2,5,7,1,46,3,7,19,11,1
3,5,7,1,47,3,11,19,9,0
4,5,7,1,48,4,16,20,16,1
5,5,7,1,49,2,18,18,6,0
6,5,7,1,50,2,22,18,10,0
7,5,7,1,51,3,27,19,14,1
8,5,7,1,52,4,32,20,6,1
9,5,7,1,53,3,35,19,11,1
10,5,7,1,54,2,38,18,8,0
11,5,7,1,55,2,42,18,10,0
1,1,8,1,1,3,3,3,12,0
2,1,8,1,2,2,6,2,8,0
3,1,8,1,3,2,10,2,9,0
4,1,8,1,4,2,14,2,11,0
5,1,8,1,5,2,18,2,7,0
6,1,8,1,6,3,23,3,22,1
7,1,8,1,7,1,25,1,17,1
8,1,8,1,8,1,29,1,14,1
9,1,8,1,9,3,35,3,18,1
10,1,8,1,10,3,39,3,16,1
11,1,8,1,11,1,41,1,8,1
1,2,8,1,12,2,2,6,20,0
2,2,8,1,13,3,7,7,6,0
3,2,8,1,14,2,10,6,17,0
4,2,8,1,15,2,14,6,7,0
5,2,8,1,16,1,17,5,12,1
6,2,8,1,17,1,21,5,17,1
7,2,8,1,18,3,27,7,32,1
8,2,8,1,19,3,31,7,21,1
9,2,8,1,20,4,36,8,23,1
10,2,8,1,21,3,39,7,18,1
11,2,8,1,22,4,44,8,22,1
1,3,8,1,23,1,1,9,12,1
2,3,8,1,24,2,6,10,6,0
3,3,8,1,25,4,12,12,21,1
4,3,8,1,26,2,14,10,13,0
5,3,8,1,27,1,17,9,11,1
6,3,8,1,28,2,22,10,5,1
7,3,8,1,29,1,25,9,7,1
8,3,8,1,30,3,31,11,8,1
9,3,8,1,31,4,36,12,18,1
10,3,8,1,32,2,38,10,16,0
11,3,8,1,33,1,41,9,12,1
1,4,8,1,34,4,4,16,9,0
2,4,8,1,35,3,7,15,19,1
3,4,8,1,36,4,12,16,16,1
4,4,8,1,37,2,14,14,5,0
5,4,8,1,38,2,18,14,5,0
6,4,8,1,39,2,22,14,4,0
7,4,8,1,40,2,26,14,8,0
8,4,8,1,41,2,30,14,17,0
9,4,8,1,42,2,34,14,18,1
10,4,8,1,43,3,39,15,29,1
11,4,8,1,44,4,44,16,15,1
1,5,8,1,45,4,4,20,6,0
2,5,8,1,46,4,8,20,9,1
3,5,8,1,47,1,9,17,20,1
4,5,8,1,48,2,14,18,11,0
5,5,8,1,49,2,18,18,27,0
6,5,8,1,50,1,21,17,8,1
7,5,8,1,51,4,28,20,11,1
8,5,8,1,52,3,31,19,9,1
9,5,8,1,53,2,34,18,24,1
10,5,8,1,54,3,39,19,8,1
11,5,8,1,55,2,42,18,22,0
1,1,9,1,1,2,2,2,7,0
2,1,9,1,2,1,5,1,9,1
3,1,9,1,3,2,10,2,6,0
4,1,9,1,4,3,15,3,19,1
5,1,9,1,5,2,18,2,22,0
6,1,9,1,6,3,23,3,29,1
7,1,9,1,7,3,27,3,10,1
8,1,9,1,8,2,30,2,13,0
9,1,9,1,9,2,34,2,16,1
10,1,9,1,10,2,38,2,12,1
11,1,9,1,11,3,43,3,6,1
1,2,9,1,12,2,2,6,17,0
2,2,9,1,13,2,6,6,11,0
3,2,9,1,14,3,11,7,6,1
4,2,9,1,15,2,14,6,12,0
5,2,9,1,16,1,17,5,13,1
6,2,9,1,17,2,22,6,4,0
7,2,9,1,18,2,26,6,5,0
8,2,9,1,19,2,30,6,19,0
9,2,9,1,20,2,34,6,17,0
10,2,9,1,21,3,39,7,18,1
11,2,9,1,22,3,43,7,14,1
1,3,9,1,23,2,2,10,10,0
2,3,9,1,24,1,5,9,6,1
3,3,9,1,25,2,10,10,8,0
4,3,9,1,26,3,15,11,27,1
5,3,9,1,27,3,19,11,18,1
6,3,9,1,28,2,22,10,32,0
7,3,9,1,29,1,25,9,14,1
8,3,9,1,30,2,30,10,21,0
9,3,9,1,31,4,36,12,24,1
10,3,9,1,32,4,40,12,9,1
11,3,9,1,33,2,42,10,23,0
1,4,9,1,34,2,2,14,13,0
2,4,9,1,35,4,8,16,11,0
3,4,9,1,36,3,11,15,11,1
4,4,9,1,37,3,15,15,11,1
5,4,9,1,38,1,17,13,13,1
6,4,9,1,39,3,23,15,11,1
7,4,9,1,40,2,26,14,11,0
8,4,9,1,41,4,32,16,11,1
9,4,9,1,42,2,34,14,13,0
10,4,9,1,43,2,38,14,13,1
11,4,9,1,44,4,44,16,14,1
1,5,9,1,45,1,1,17,17,1
2,5,9,1,46,4,8,20,9,0
3,5,9,1,47,2,10,18,27,0
4,5,9,1,48,1,13,17,17,1
5,5,9,1,49,3,19,19,14,1
6,5,9,1,50,1,21,17,25,1
7,5,9,1,51,3,27,19,12,1
8,5,9,1,52,3,31,19,25,1
9,5,9,1,53,1,33,17,17,1
10,5,9,1,54,2,38,18,9,1
11,5,9,1,55,3,43,19,14,1
1,1,10,1,1,3,3,3,13,1
2,1,10,1,2,2,6,2,8,0
3,1,10,1,3,3,11,3,15,1
4,1,10,1,4,1,13,1,11,1
5,1,10,1,5,3,19,3,9,0
6,1,10,1,6,3,23,3,11,1
7,1,10,1,7,3,27,3,15,1
8,1,10,1,8,2,30,2,7,0
9,1,10,1,9,2,34,2,36,0
10,1,10,1,10,3,39,3,14,1
11,1,10,1,11,4,44,4,10,1
1,2,10,1,12,2,2,6,3,0
2,2,10,1,13,2,6,6,17,0
3,2,10,1,14,2,10,6,11,0
4,2,10,1,15,3,15,7,7,1
5,2,10,1,16,2,18,6,9,0
6,2,10,1,17,3,23,7,36,1
7,2,10,1,18,4,28,8,25,1
8,2,10,1,19,3,31,7,20,1
9,2,10,1,20,3,35,7,7,1
10,2,10,1,21,2,38,6,7,0
11,2,10,1,22,2,42,6,11,0
1,3,10,1,23,2,2,10,9,0
2,3,10,1,24,2,6,10,19,0
3,3,10,1,25,2,10,10,13,0
4,3,10,1,26,2,14,10,8,0
5,3,10,1,27,4,20,12,7,1
6,3,10,1,28,2,22,10,56,0
7,3,10,1,29,4,28,12,9,1
8,3,10,1,30,3,31,11,6,1
9,3,10,1,31,2,34,10,29,0
10,3,10,1,32,1,37,9,10,1
11,3,10,1,33,3,43,11,18,1
1,4,10,1,34,4,4,16,21,1
2,4,10,1,35,3,7,15,11,1
3,4,10,1,36,4,12,16,9,0
4,4,10,1,37,3,15,15,12,1
5,4,10,1,38,3,19,15,7,1
6,4,10,1,39,2,22,14,7,1
7,4,10,1,40,1,25,13,9,1
8,4,10,1,41,3,31,15,20,1
9,4,10,1,42,2,34,14,14,0
10,4,10,1,43,1,37,13,9,1
11,4,10,1,44,3,43,15,12,1
1,5,10,1,45,2,2,18,17,0
2,5,10,1,46,2,6,18,12,0
3,5,10,1,47,3,11,19,9,1
4,5,10,1,48,2,14,18,10,0
5,5,10,1,49,4,20,20,11,0
6,5,10,1,50,3,23,19,18,1
7,5,10,1,51,2,26,18,21,0
8,5,10,1,52,3,31,19,11,1
9,5,10,1,53,2,34,18,28,1
10,5,10,1,54,3,39,19,10,1
11,5,10,1,55,2,42,18,11,0
1,1,11,1,1,2,2,2,31,0
2,1,11,1,2,3,7,3,11,1
3,1,11,1,3,3,11,3,19,1
4,1,11,1,4,2,14,2,14,0
5,1,11,1,5,2,18,2,12,1
6,1,11,1,6,3,23,3,17,1
7,1,11,1,7,3,27,3,14,1
8,1,11,1,8,3,31,3,21,1
9,1,11,1,9,2,34,2,11,0
10,1,11,1,10,3,39,3,14,1
11,1,11,1,11,2,42,2,20,1
1,2,11,1,12,3,3,7,6,1
2,2,11,1,13,4,8,8,19,1
3,2,11,1,14,2,10,6,14,0
4,2,11,1,15,3,15,7,9,1
5,2,11,1,16,4,20,8,16,1
6,2,11,1,17,1,21,5,20,1
7,2,11,1,18,2,26,6,14,1
8,2,11,1,19,2,30,6,20,0
9,2,11,1,20,3,35,7,13,1
10,2,11,1,21,4,40,8,22,1
11,2,11,1,22,2,42,6,15,1
1,3,11,1,23,3,3,11,21,1
2,3,11,1,24,3,7,11,9,1
3,3,11,1,25,3,11,11,17,1
4,3,11,1,26,2,14,10,23,0
5,3,11,1,27,2,18,10,25,0
6,3,11,1,28,2,22,10,19,0
7,3,11,1,29,3,27,11,12,1
8,3,11,1,30,3,31,11,8,1
9,3,11,1,31,1,33,9,13,1
10,3,11,1,32,2,38,10,12,0
11,3,11,1,33,2,42,10,10,0
1,4,11,1,34,2,2,14,15,0
2,4,11,1,35,4,8,16,31,0
3,4,11,1,36,2,10,14,9,0
4,4,11,1,37,4,16,16,13,1
5,4,11,1,38,1,17,13,21,1
6,4,11,1,39,2,22,14,11,1
7,4,11,1,40,2,26,14,11,0
8,4,11,1,41,4,32,16,8,1
9,4,11,1,42,2,34,14,15,0
10,4,11,1,43,1,37,13,6,1
11,4,11,1,44,2,42,14,30,1
1,5,11,1,45,2,2,18,14,0
2,5,11,1,46,1,5,17,16,1
3,5,11,1,47,3,11,19,26,1
4,5,11,1,48,2,14,18,12,0
5,5,11,1,49,2,18,18,16,0
6,5,11,1,50,2,22,18,12,0
7,5,11,1,51,4,28,20,6,1
8,5,11,1,52,4,32,20,19,0
9,5,11,1,53,4,36,20,5,1
10,5,11,1,54,3,39,19,9,0
11,5,11,1,55,1,41,17,7,1
1,1,12,1,1,2,2,2,14,0
2,1,12,1,2,2,6,2,16,0
3,1,12,1,3,2,10,2,26,0
4,1,12,1,4,2,14,2,6,0
5,1,12,1,5,2,18,2,12,0
6,1,12,1,6,2,22,2,33,0
7,1,12,1,7,3,27,3,15,1
8,1,12,1,8,2,30,2,8,0
9,1,12,1,9,3,35,3,14,1
10,1,12,1,10,3,39,3,21,1
11,1,12,1,11,4,44,4,11,1
1,2,12,1,12,3,3,7,24,1
2,2,12,1,13,4,8,8,14,1
3,2,12,1,14,3,11,7,9,1
4,2,12,1,15,2,14,6,10,0
5,2,12,1,16,2,18,6,5,0
6,2,12,1,17,3,23,7,27,1
7,2,12,1,18,3,27,7,5,0
8,2,12,1,19,1,29,5,5,1
9,2,12,1,20,3,35,7,6,1
10,2,12,1,21,2,38,6,9,0
11,2,12,1,22,2,42,6,8,0
1,3,12,1,23,3,3,11,9,1
2,3,12,1,24,2,6,10,14,0
3,3,12,1,25,2,10,10,5,0
4,3,12,1,26,2,14,10,19,0
5,3,12,1,27,2,18,10,16,0
6,3,12,1,28,1,21,9,14,1
7,3,12,1,29,1,25,9,15,1
8,3,12,1,30,1,29,9,11,1
9,3,12,1,31,3,35,11,13,1
10,3,12,1,32,4,40,12,22,1
11,3,12,1,33,3,43,11,25,1
1,4,12,1,34,4,4,16,17,0
2,4,12,1,35,1,5,13,20,1
3,4,12,1,36,3,11,15,5,1
4,4,12,1,37,2,14,14,9,0
5,4,12,1,38,4,20,16,5,1
6,4,12,1,39,2,22,14,9,0
7,4,12,1,40,2,26,14,25,0
8,4,12,1,41,2,30,14,6,0
9,4,12,1,42,4,36,16,26,1
10,4,12,1,43,3,39,15,15,1
11,4,12,1,44,3,43,15,11,1
1,5,12,1,45,2,2,18,16,0
2,5,12,1,46,1,5,17,25,1
3,5,12,1,47,2,10,18,7,0
4,5,12,1,48,2,14,18,18,0
5,5,12,1,49,3,19,19,35,1
6,5,12,1,50,2,22,18,6,0
7,5,12,1,51,2,26,18,6,0
8,5,12,1,52,4,32,20,10,1
9,5,12,1,53,2,34,18,12,0
10,5,12,1,54,4,40,20,21,1
11,5,12,1,55,2,42,18,12,1
1,1,13,1,1,3,3,3,3,1
2,1,13,1,2,2,6,2,18,0
3,1,13,1,3,3,11,3,50,1
4,1,13,1,4,3,15,3,13,1
5,1,13,1,5,4,20,4,23,1
6,1,13,1,6,2,22,2,9,0
7,1,13,1,7,1,25,1,7,1
8,1,13,1,8,2,30,2,9,0
9,1,13,1,9,2,34,2,10,0
10,1,13,1,10,4,40,4,8,1
11,1,13,1,11,2,42,2,12,0
1,2,13,1,12,3,3,7,22,1
2,2,13,1,13,3,7,7,12,1
3,2,13,1,14,3,11,7,10,1
4,2,13,1,15,2,14,6,15,0
5,2,13,1,16,2,18,6,29,1
6,2,13,1,17,2,22,6,8,0
7,2,13,1,18,1,25,5,9,1
8,2,13,1,19,4,32,8,12,1
9,2,13,1,20,3,35,7,9,1
10,2,13,1,21,3,39,7,3,1
11,2,13,1,22,3,43,7,8,1
1,3,13,1,23,2,2,10,9,0
2,3,13,1,24,2,6,10,14,0
3,3,13,1,25,2,10,10,7,0
4,3,13,1,26,3,15,11,5,1
5,3,13,1,27,4,20,12,9,1
6,3,13,1,28,2,22,10,22,0
7,3,13,1,29,2,26,10,18,0
8,3,13,1,30,2,30,10,9,0
9,3,13,1,31,3,35,11,11,1
10,3,13,1,32,3,39,11,11,1
11,3,13,1,33,3,43,11,8,1
1,4,13,1,34,3,3,15,10,1
2,4,13,1,35,3,7,15,11,1
3,4,13,1,36,1,9,13,11,1
4,4,13,1,37,2,14,14,13,0
5,4,13,1,38,2,18,14,14,0
6,4,13,1,39,4,24,16,5,1
7,4,13,1,40,4,28,16,35,1
8,4,13,1,41,4,32,16,10,1
9,4,13,1,42,2,34,14,9,0
10,4,13,1,43,1,37,13,15,1
11,4,13,1,44,3,43,15,20,1
1,5,13,1,45,2,2,18,8,0
2,5,13,1,46,2,6,18,11,0
3,5,13,1,47,1,9,17,22,1
4,5,13,1,48,2,14,18,6,1
5,5,13,1,49,4,20,20,7,1
6,5,13,1,50,3,23,19,9,1
7,5,13,1,51,3,27,19,15,1
8,5,13,1,52,2,30,18,31,0
9,5,13,1,53,2,34,18,58,0
10,5,13,1,54,4,40,20,22,1
11,5,13,1,55,2,42,18,7,1
1,1,14,1,1,2,2,2,20,0
2,1,14,1,2,3,7,3,7,1
3,1,14,1,3,3,11,3,12,1
4,1,14,1,4,2,14,2,16,0
5,1,14,1,5,2,18,2,12,1
6,1,14,1,6,3,23,3,19,1
7,1,14,1,7,2,26,2,8,0
8,1,14,1,8,3,31,3,19,1
9,1,14,1,9,3,35,3,22,1
10,1,14,1,10,3,39,3,11,1
11,1,14,1,11,3,43,3,11,1
1,2,14,1,12,4,4,8,10,1
2,2,14,1,13,3,7,7,19,1
3,2,14,1,14,3,11,7,11,1
4,2,14,1,15,4,16,8,9,1
5,2,14,1,16,3,19,7,8,1
6,2,14,1,17,3,23,7,13,1
7,2,14,1,18,3,27,7,12,1
8,2,14,1,19,3,31,7,11,1
9,2,14,1,20,1,33,5,7,1
10,2,14,1,21,2,38,6,7,0
11,2,14,1,22,3,43,7,7,1
1,3,14,1,23,1,1,9,10,1
2,3,14,1,24,2,6,10,7,0
3,3,14,1,25,1,9,9,30,1
4,3,14,1,26,3,15,11,9,0
5,3,14,1,27,2,18,10,17,0
6,3,14,1,28,2,22,10,7,0
7,3,14,1,29,3,27,11,19,1
8,3,14,1,30,3,31,11,24,1
9,3,14,1,31,2,34,10,7,0
10,3,14,1,32,1,37,9,14,1
11,3,14,1,33,2,42,10,8,0
1,4,14,1,34,2,2,14,6,0
2,4,14,1,35,4,8,16,11,1
3,4,14,1,36,1,9,13,7,1
4,4,14,1,37,2,14,14,4,0
5,4,14,1,38,2,18,14,23,1
6,4,14,1,39,3,23,15,16,1
7,4,14,1,40,2,26,14,5,1
8,4,14,1,41,4,32,16,24,1
9,4,14,1,42,1,33,13,15,1
10,4,14,1,43,4,40,16,23,1
11,4,14,1,44,2,42,14,12,0
1,5,14,1,45,4,4,20,8,0
2,5,14,1,46,2,6,18,12,0
3,5,14,1,47,2,10,18,14,0
4,5,14,1,48,2,14,18,11,0
5,5,14,1,49,4,20,20,8,1
6,5,14,1,50,2,22,18,6,0
7,5,14,1,51,4,28,20,9,1
8,5,14,1,52,3,31,19,18,1
9,5,14,1,53,2,34,18,6,0
10,5,14,1,54,3,39,19,21,1
11,5,14,1,55,2,42,18,17,0
1,1,15,1,1,4,4,4,9,1
2,1,15,1,2,2,6,2,10,0
3,1,15,1,3,2,10,2,6,0
4,1,15,1,4,2,14,2,12,0
5,1,15,1,5,3,19,3,31,1
6,1,15,1,6,2,22,2,15,0
7,1,15,1,7,1,25,1,26,1
8,1,15,1,8,2,30,2,5,1
9,1,15,1,9,4,36,4,12,1
10,1,15,1,10,3,39,3,10,1
11,1,15,1,11,1,41,1,10,1
1,2,15,1,12,3,3,7,7,1
2,2,15,1,13,2,6,6,11,0
3,2,15,1,14,2,10,6,7,0
4,2,15,1,15,2,14,6,5,0
5,2,15,1,16,3,19,7,7,1
6,2,15,1,17,2,22,6,5,0
7,2,15,1,18,3,27,7,11,1
8,2,15,1,19,1,29,5,29,1
9,2,15,1,20,4,36,8,6,1
10,2,15,1,21,2,38,6,9,0
11,2,15,1,22,1,41,5,8,1
1,3,15,1,23,2,2,10,7,0
2,3,15,1,24,3,7,11,33,1
3,3,15,1,25,4,12,12,28,0
4,3,15,1,26,3,15,11,12,1
5,3,15,1,27,2,18,10,17,0
6,3,15,1,28,2,22,10,8,0
7,3,15,1,29,1,25,9,26,1
8,3,15,1,30,3,31,11,22,1
9,3,15,1,31,3,35,11,16,1
10,3,15,1,32,2,38,10,7,0
11,3,15,1,33,3,43,11,16,1
1,4,15,1,34,4,4,16,26,1
2,4,15,1,35,3,7,15,16,0
3,4,15,1,36,4,12,16,19,1
4,4,15,1,37,2,14,14,16,0
5,4,15,1,38,3,19,15,8,1
6,4,15,1,39,1,21,13,8,1
7,4,15,1,40,3,27,15,12,1
8,4,15,1,41,1,29,13,6,1
9,4,15,1,42,1,33,13,8,1
10,4,15,1,43,3,39,15,14,1
11,4,15,1,44,2,42,14,8,0
1,5,15,1,45,2,2,18,24,0
2,5,15,1,46,3,7,19,5,1
3,5,15,1,47,2,10,18,19,0
4,5,15,1,48,3,15,19,17,1
5,5,15,1,49,3,19,19,7,1
6,5,15,1,50,2,22,18,15,1
7,5,15,1,51,4,28,20,8,1
8,5,15,1,52,3,31,19,31,1
9,5,15,1,53,1,33,17,15,1
10,5,15,1,54,1,37,17,24,1
11,5,15,1,55,2,42,18,22,1
1,1,16,1,1,1,1,1,25,1
2,1,16,1,2,3,7,3,18,1
3,1,16,1,3,2,10,2,5,0
4,1,16,1,4,2,14,2,22,0
5,1,16,1,5,2,18,2,10,0
6,1,16,1,6,2,22,2,11,0
7,1,16,1,7,3,27,3,12,1
8,1,16,1,8,3,31,3,7,1
9,1,16,1,9,3,35,3,28,1
10,1,16,1,10,3,39,3,7,1
11,1,16,1,11,3,43,3,13,1
1,2,16,1,12,3,3,7,10,1
2,2,16,1,13,2,6,6,6,0
3,2,16,1,14,3,11,7,13,0
4,2,16,1,15,2,14,6,4,0
5,2,16,1,16,3,19,7,22,1
6,2,16,1,17,1,21,5,21,1
7,2,16,1,18,2,26,6,10,0
8,2,16,1,19,3,31,7,32,1
9,2,16,1,20,3,35,7,13,1
10,2,16,1,21,2,38,6,10,0
11,2,16,1,22,3,43,7,12,1
1,3,16,1,23,2,2,10,17,0
2,3,16,1,24,4,8,12,14,1
3,3,16,1,25,1,9,9,14,1
4,3,16,1,26,3,15,11,8,1
5,3,16,1,27,2,18,10,15,0
6,3,16,1,28,3,23,11,7,1
7,3,16,1,29,2,26,10,11,0
8,3,16,1,30,4,32,12,19,1
9,3,16,1,31,3,35,11,9,1
10,3,16,1,32,3,39,11,20,1
11,3,16,1,33,3,43,11,12,1
1,4,16,1,34,3,3,15,19,1
2,4,16,1,35,3,7,15,5,1
3,4,16,1,36,3,11,15,8,1
4,4,16,1,37,1,13,13,24,1
5,4,16,1,38,4,20,16,16,1
6,4,16,1,39,3,23,15,7,1
7,4,16,1,40,3,27,15,18,1
8,4,16,1,41,4,32,16,10,1
9,4,16,1,42,2,34,14,19,0
10,4,16,1,43,3,39,15,11,1
11,4,16,1,44,3,43,15,4,1
1,5,16,1,45,1,1,17,19,1
2,5,16,1,46,3,7,19,19,1
3,5,16,1,47,2,10,18,30,0
4,5,16,1,48,2,14,18,13,0
5,5,16,1,49,3,19,19,15,1
6,5,16,1,50,3,23,19,12,1
7,5,16,1,51,2,26,18,20,0
8,5,16,1,52,4,32,20,17,1
9,5,16,1,53,3,35,19,23,1
10,5,16,1,54,1,37,17,15,1
11,5,16,1,55,3,43,19,14,1
1,1,17,1,1,3,3,3,22,1
2,1,17,1,2,3,7,3,20,1
3,1,17,1,3,4,12,4,12,1
4,1,17,1,4,4,16,4,32,1
5,1,17,1,5,1,17,1,13,1
6,1,17,1,6,2,22,2,11,1
7,1,17,1,7,4,28,4,11,1
8,1,17,1,8,3,31,3,21,1
9,1,17,1,9,3,35,3,20,1
10,1,17,1,10,3,39,3,8,1
11,1,17,1,11,3,43,3,14,1
1,2,17,1,12,2,2,6,7,0
2,2,17,1,13,4,8,8,8,1
3,2,17,1,14,3,11,7,8,1
4,2,17,1,15,4,16,8,21,1
5,2,17,1,16,3,19,7,8,1
6,2,17,1,17,2,22,6,7,0
7,2,17,1,18,4,28,8,11,1
8,2,17,1,19,2,30,6,17,1
9,2,17,1,20,2,34,6,9,0
10,2,17,1,21,3,39,7,18,1
11,2,17,1,22,3,43,7,18,1
1,3,17,1,23,2,2,10,6,0
2,3,17,1,24,3,7,11,6,1
3,3,17,1,25,2,10,10,13,0
4,3,17,1,26,3,15,11,13,1
5,3,17,1,27,3,19,11,21,1
6,3,17,1,28,1,21,9,16,1
7,3,17,1,29,2,26,10,13,0
8,3,17,1,30,2,30,10,25,0
9,3,17,1,31,3,35,11,9,1
10,3,17,1,32,3,39,11,34,1
11,3,17,1,33,4,44,12,11,1
1,4,17,1,34,1,1,13,6,1
2,4,17,1,35,3,7,15,5,0
3,4,17,1,36,3,11,15,10,1
4,4,17,1,37,3,15,15,7,1
5,4,17,1,38,2,18,14,7,0
6,4,17,1,39,3,23,15,9,1
7,4,17,1,40,3,27,15,25,1
8,4,17,1,41,3,31,15,8,0
9,4,17,1,42,2,34,14,5,1
10,4,17,1,43,1,37,13,15,1
11,4,17,1,44,3,43,15,14,1
1,5,17,1,45,3,3,19,6,1
2,5,17,1,46,3,7,19,21,0
3,5,17,1,47,4,12,20,59,1
4,5,17,1,48,2,14,18,10,0
5,5,17,1,49,3,19,19,10,1
6,5,17,1,50,4,24,20,4,0
7,5,17,1,51,2,26,18,9,0
8,5,17,1,52,4,32,20,23,1
9,5,17,1,53,1,33,17,13,1
10,5,17,1,54,2,38,18,5,0
11,5,17,1,55,2,42,18,26,0
1,1,18,1,1,2,2,2,13,0
2,1,18,1,2,3,7,3,19,1
3,1,18,1,3,3,11,3,4,1
4,1,18,1,4,2,14,2,9,0
5,1,18,1,5,3,19,3,8,1
6,1,18,1,6,3,23,3,13,1
7,1,18,1,7,2,26,2,16,0
8,1,18,1,8,2,30,2,4,0
9,1,18,1,9,3,35,3,7,1
10,1,18,1,10,3,39,3,13,1
11,1,18,1,11,2,42,2,19,1
1,2,18,1,12,3,3,7,20,1
2,2,18,1,13,3,7,7,10,1
3,2,18,1,14,2,10,6,15,0
4,2,18,1,15,2,14,6,13,0
5,2,18,1,16,2,18,6,14,0
6,2,18,1,17,2,22,6,8,0
7,2,18,1,18,2,26,6,8,0
8,2,18,1,19,2,30,6,9,1
9,2,18,1,20,3,35,7,9,1
10,2,18,1,21,2,38,6,6,1
11,2,18,1,22,1,41,5,18,1
1,3,18,1,23,1,1,9,16,1
2,3,18,1,24,2,6,10,30,0
3,3,18,1,25,4,12,12,11,1
4,3,18,1,26,3,15,11,8,1
5,3,18,1,27,2,18,10,14,0
6,3,18,1,28,2,22,10,10,0
7,3,18,1,29,3,27,11,16,1
8,3,18,1,30,2,30,10,10,1
9,3,18,1,31,3,35,11,10,1
10,3,18,1,32,3,39,11,9,1
11,3,18,1,33,2,42,10,11,0
1,4,18,1,34,1,1,13,16,1
2,4,18,1,35,4,8,16,14,1
3,4,18,1,36,3,11,15,23,1
4,4,18,1,37,4,16,16,10,1
5,4,18,1,38,1,17,13,16,1
6,4,18,1,39,3,23,15,14,1
7,4,18,1,40,2,26,14,6,0
8,4,18,1,41,3,31,15,14,1
9,4,18,1,42,2,34,14,17,0
10,4,18,1,43,4,40,16,7,1
11,4,18,1,44,2,42,14,10,1
1,5,18,1,45,3,3,19,47,1
2,5,18,1,46,2,6,18,9,0
3,5,18,1,47,3,11,19,11,1
4,5,18,1,48,3,15,19,12,1
5,5,18,1,49,3,19,19,6,1
6,5,18,1,50,2,22,18,6,0
7,5,18,1,51,3,27,19,10,0
8,5,18,1,52,2,30,18,14,0
9,5,18,1,53,4,36,20,5,1
10,5,18,1,54,3,39,19,26,1
11,5,18,1,55,2,42,18,8,1
1,1,19,1,1,3,3,3,12,1
2,1,19,1,2,1,5,1,30,1
3,1,19,1,3,2,10,2,30,0
4,1,19,1,4,3,15,3,11,1
5,1,19,1,5,3,19,3,17,1
6,1,19,1,6,3,23,3,13,1
7,1,19,1,7,2,26,2,6,0
8,1,19,1,8,3,31,3,14,1
9,1,19,1,9,1,33,1,34,1
10,1,19,1,10,2,38,2,9,0
11,1,19,1,11,2,42,2,15,1
1,2,19,1,12,2,2,6,22,0
2,2,19,1,13,2,6,6,12,0
3,2,19,1,14,4,12,8,6,1
4,2,19,1,15,3,15,7,7,1
5,2,19,1,16,2,18,6,16,0
6,2,19,1,17,3,23,7,13,1
7,2,19,1,18,3,27,7,17,1
8,2,19,1,19,3,31,7,12,1
9,2,19,1,20,2,34,6,7,0
10,2,19,1,21,1,37,5,7,1
11,2,19,1,22,1,41,5,6,1
1,3,19,1,23,3,3,11,14,1
2,3,19,1,24,4,8,12,16,1
3,3,19,1,25,1,9,9,11,1
4,3,19,1,26,3,15,11,8,1
5,3,19,1,27,3,19,11,12,1
6,3,19,1,28,4,24,12,19,1
7,3,19,1,29,2,26,10,12,0
8,3,19,1,30,3,31,11,17,1
9,3,19,1,31,3,35,11,16,1
10,3,19,1,32,3,39,11,21,1
11,3,19,1,33,4,44,12,10,1
1,4,19,1,34,3,3,15,10,1
2,4,19,1,35,4,8,16,21,1
3,4,19,1,36,1,9,13,6,1
4,4,19,1,37,3,15,15,12,1
5,4,19,1,38,3,19,15,8,1
6,4,19,1,39,1,21,13,12,1
7,4,19,1,40,2,26,14,3,0
8,4,19,1,41,3,31,15,22,1
9,4,19,1,42,3,35,15,12,1
10,4,19,1,43,3,39,15,20,1
11,4,19,1,44,2,42,14,17,0
1,5,19,1,45,2,2,18,11,0
2,5,19,1,46,3,7,19,21,1
3,5,19,1,47,3,11,19,18,1
4,5,19,1,48,2,14,18,5,0
5,5,19,1,49,2,18,18,15,1
6,5,19,1,50,3,23,19,20,1
7,5,19,1,51,3,27,19,24,1
8,5,19,1,52,3,31,19,12,1
9,5,19,1,53,4,36,20,7,1
10,5,19,1,54,3,39,19,6,1
11,5,19,1,55,1,41,17,8,1
1,1,20,1,1,3,3,3,18,0
2,1,20,1,2,2,6,2,18,0
3,1,20,1,3,3,11,3,16,1
4,1,20,1,4,3,15,3,11,1
5,1,20,1,5,3,19,3,8,1
6,1,20,1,6,2,22,2,24,0
7,1,20,1,7,3,27,3,10,1
8,1,20,1,8,2,30,2,11,0
9,1,20,1,9,3,35,3,19,1
10,1,20,1,10,4,40,4,13,1
11,1,20,1,11,3,43,3,16,1
1,2,20,1,12,4,4,8,17,0
2,2,20,1,13,2,6,6,6,0
3,2,20,1,14,1,9,5,9,1
4,2,20,1,15,3,15,7,7,1
5,2,20,1,16,3,19,7,9,1
6,2,20,1,17,3,23,7,18,1
7,2,20,1,18,4,28,8,9,1
8,2,20,1,19,3,31,7,9,1
9,2,20,1,20,3,35,7,21,1
10,2,20,1,21,2,38,6,17,0
11,2,20,1,22,4,44,8,10,1
1,3,20,1,23,2,2,10,15,0
2,3,20,1,24,2,6,10,15,0
3,3,20,1,25,1,9,9,9,1
4,3,20,1,26,3,15,11,19,1
5,3,20,1,27,2,18,10,9,0
6,3,20,1,28,3,23,11,9,1
7,3,20,1,29,1,25,9,4,1
8,3,20,1,30,3,31,11,10,1
9,3,20,1,31,3,35,11,34,1
10,3,20,1,32,4,40,12,17,1
11,3,20,1,33,2,42,10,7,0
1,4,20,1,34,3,3,15,11,0
2,4,20,1,35,4,8,16,23,1
3,4,20,1,36,3,11,15,11,1
4,4,20,1,37,2,14,14,3,0
5,4,20,1,38,1,17,13,12,1
6,4,20,1,39,2,22,14,15,0
7,4,20,1,40,1,25,13,13,1
8,4,20,1,41,2,30,14,12,0
9,4,20,1,42,3,35,15,9,1
10,4,20,1,43,3,39,15,8,1
11,4,20,1,44,4,44,16,21,1
1,5,20,1,45,2,2,18,12,0
2,5,20,1,46,2,6,18,10,1
3,5,20,1,47,2,10,18,5,0
4,5,20,1,48,2,14,18,27,0
5,5,20,1,49,2,18,18,12,0
6,5,20,1,50,3,23,19,10,1
7,5,20,1,51,3,27,19,9,1
8,5,20,1,52,3,31,19,30,1
9,5,20,1,53,2,34,18,7,0
10,5,20,1,54,3,39,19,11,1
11,5,20,1,55,2,42,18,17,1
1,1,21,1,1,3,3,3,3,0
2,1,21,1,2,2,6,2,11,0
3,1,21,1,3,2,10,2,30,0
4,1,21,1,4,2,14,2,20,0
5,1,21,1,5,1,17,1,4,1
6,1,21,1,6,2,22,2,20,0
7,1,21,1,7,2,26,2,11,0
8,1,21,1,8,2,30,2,7,0
9,1,21,1,9,3,35,3,20,1
10,1,21,1,10,1,37,1,19,1
11,1,21,1,11,3,43,3,11,1
1,2,21,1,12,2,2,6,12,0
2,2,21,1,13,3,7,7,3,0
3,2,21,1,14,3,11,7,10,1
4,2,21,1,15,4,16,8,15,0
5,2,21,1,16,3,19,7,16,1
6,2,21,1,17,1,21,5,10,1
7,2,21,1,18,2,26,6,26,0
8,2,21,1,19,1,29,5,23,1
9,2,21,1,20,2,34,6,19,1
10,2,21,1,21,3,39,7,17,1
11,2,21,1,22,2,42,6,11,1
1,3,21,1,23,2,2,10,7,0
2,3,21,1,24,2,6,10,11,0
3,3,21,1,25,2,10,10,12,0
4,3,21,1,26,1,13,9,14,1
5,3,21,1,27,2,18,10,12,0
6,3,21,1,28,3,23,11,7,1
7,3,21,1,29,2,26,10,6,0
8,3,21,1,30,1,29,9,12,1
9,3,21,1,31,3,35,11,13,1
10,3,21,1,32,4,40,12,13,1
11,3,21,1,33,3,43,11,10,1
1,4,21,1,34,3,3,15,9,1
2,4,21,1,35,2,6,14,8,0
3,4,21,1,36,3,11,15,11,1
4,4,21,1,37,3,15,15,19,1
5,4,21,1,38,3,19,15,15,1
6,4,21,1,39,2,22,14,18,0
7,4,21,1,40,3,27,15,14,1
8,4,21,1,41,3,31,15,27,1
9,4,21,1,42,2,34,14,21,0
10,4,21,1,43,4,40,16,19,1
11,4,21,1,44,3,43,15,14,1
1,5,21,1,45,3,3,19,32,1
2,5,21,1,46,4,8,20,9,0
3,5,21,1,47,4,12,20,11,0
4,5,21,1,48,2,14,18,18,0
5,5,21,1,49,2,18,18,9,0
6,5,21,1,50,2,22,18,12,0
7,5,21,1,51,3,27,19,20,1
8,5,21,1,52,3,31,19,10,1
9,5,21,1,53,4,36,20,14,1
10,5,21,1,54,1,37,17,9,1
11,5,21,1,55,2,42,18,11,0
1,1,22,1,1,3,3,3,28,1
2,1,22,1,2,1,5,1,11,1
3,1,22,1,3,2,10,2,15,0
4,1,22,1,4,2,14,2,14,0
5,1,22,1,5,2,18,2,10,0
6,1,22,1,6,1,21,1,6,1
7,1,22,1,7,3,27,3,16,1
8,1,22,1,8,1,29,1,36,1
9,1,22,1,9,2,34,2,14,1
10,1,22,1,10,3,39,3,7,1
11,1,22,1,11,2,42,2,17,1
1,2,22,1,12,1,1,5,25,1
2,2,22,1,13,1,5,5,7,1
3,2,22,1,14,2,10,6,8,0
4,2,22,1,15,2,14,6,13,0
5,2,22,1,16,1,17,5,14,1
6,2,22,1,17,4,24,8,20,1
7,2,22,1,18,3,27,7,12,1
8,2,22,1,19,3,31,7,18,1
9,2,22,1,20,4,36,8,14,1
10,2,22,1,21,2,38,6,17,1
11,2,22,1,22,4,44,8,13,1
1,3,22,1,23,2,2,10,6,0
2,3,22,1,24,2,6,10,14,0
3,3,22,1,25,3,11,11,37,1
4,3,22,1,26,3,15,11,9,0
5,3,22,1,27,1,17,9,26,1
6,3,22,1,28,3,23,11,9,1
7,3,22,1,29,3,27,11,13,1
8,3,22,1,30,2,30,10,9,1
9,3,22,1,31,2,34,10,10,0
10,3,22,1,32,3,39,11,24,1
11,3,22,1,33,2,42,10,13,0
1,4,22,1,34,2,2,14,11,0
2,4,22,1,35,2,6,14,11,0
3,4,22,1,36,1,9,13,8,1
4,4,22,1,37,2,14,14,8,0
5,4,22,1,38,1,17,13,6,1
6,4,22,1,39,3,23,15,12,1
7,4,22,1,40,2,26,14,6,0
8,4,22,1,41,3,31,15,6,1
9,4,22,1,42,2,34,14,9,0
10,4,22,1,43,3,39,15,13,1
11,4,22,1,44,2,42,14,8,1
1,5,22,1,45,3,3,19,7,1
2,5,22,1,46,2,6,18,24,0
3,5,22,1,47,1,9,17,14,1
4,5,22,1,48,3,15,19,18,1
5,5,22,1,49,2,18,18,11,0
6,5,22,1,50,3,23,19,10,1
7,5,22,1,51,2,26,18,13,0
8,5,22,1,52,1,29,17,3,1
9,5,22,1,53,3,35,19,11,1
10,5,22,1,54,3,39,19,7,1
11,5,22,1,55,1,41,17,14,1
1,1,23,1,1,1,1,1,26,0
2,1,23,1,2,4,8,4,18,1
3,1,23,1,3,1,9,1,14,1
4,1,23,1,4,3,15,3,30,1
5,1,23,1,5,1,17,1,15,0
6,1,23,1,6,3,23,3,12,1
7,1,23,1,7,1,25,1,14,1
8,1,23,1,8,2,30,2,11,0
9,1,23,1,9,2,34,2,12,1
10,1,23,1,10,4,40,4,6,0
11,1,23,1,11,3,43,3,11,1
1,2,23,1,12,4,4,8,4,0
2,2,23,1,13,1,5,5,20,1
3,2,23,1,14,2,10,6,18,0
4,2,23,1,15,1,13,5,29,1
5,2,23,1,16,1,17,5,14,1
6,2,23,1,17,2,22,6,8,0
7,2,23,1,18,3,27,7,10,1
8,2,23,1,19,2,30,6,15,0
9,2,23,1,20,4,36,8,13,1
10,2,23,1,21,2,38,6,17,0
11,2,23,1,22,2,42,6,15,0
1,3,23,1,23,4,4,12,12,0
2,3,23,1,24,2,6,10,8,0
3,3,23,1,25,2,10,10,17,0
4,3,23,1,26,2,14,10,19,0
5,3,23,1,27,1,17,9,11,1
6,3,23,1,28,3,23,11,28,1
7,3,23,1,29,2,26,10,17,0
8,3,23,1,30,2,30,10,11,0
9,3,23,1,31,3,35,11,11,1
10,3,23,1,32,1,37,9,7,1
11,3,23,1,33,2,42,10,13,1
1,4,23,1,34,4,4,16,17,1
2,4,23,1,35,2,6,14,5,0
3,4,23,1,36,2,10,14,7,0
4,4,23,1,37,3,15,15,7,1
5,4,23,1,38,4,20,16,7,1
6,4,23,1,39,1,21,13,15,1
7,4,23,1,40,1,25,13,10,1
8,4,23,1,41,2,30,14,19,1
9,4,23,1,42,2,34,14,11,0
10,4,23,1,43,3,39,15,11,1
11,4,23,1,44,3,43,15,12,1
1,5,23,1,45,1,1,17,15,1
2,5,23,1,46,3,7,19,9,1
3,5,23,1,47,1,9,17,12,1
4,5,23,1,48,3,15,19,10,1
5,5,23,1,49,2,18,18,11,0
6,5,23,1,50,3,23,19,9,1
7,5,23,1,51,3,27,19,25,1
8,5,23,1,52,3,31,19,15,1
9,5,23,1,53,3,35,19,18,1
10,5,23,1,54,1,37,17,32,1
11,5,23,1,55,2,42,18,7,1
1,1,24,1,1,3,3,3,11,1
2,1,24,1,2,2,6,2,9,0
3,1,24,1,3,2,10,2,8,0
4,1,24,1,4,3,15,3,18,1
5,1,24,1,5,3,19,3,13,1
6,1,24,1,6,3,23,3,21,1
7,1,24,1,7,2,26,2,9,0
8,1,24,1,8,2,30,2,11,0
9,1,24,1,9,1,33,1,12,1
10,1,24,1,10,2,38,2,13,0
11,1,24,1,11,4,44,4,8,1
1,2,24,1,12,2,2,6,4,0
2,2,24,1,13,3,7,7,18,1
3,2,24,1,14,1,9,5,29,1
4,2,24,1,15,2,14,6,25,0
5,2,24,1,16,4,20,8,13,0
6,2,24,1,17,4,24,8,17,0
7,2,24,1,18,1,25,5,15,1
8,2,24,1,19,3,31,7,10,1
9,2,24,1,20,1,33,5,5,1
10,2,24,1,21,2,38,6,9,0
11,2,24,1,22,4,44,8,20,1
1,3,24,1,23,1,1,9,17,1
2,3,24,1,24,3,7,11,17,1
3,3,24,1,25,2,10,10,30,0
4,3,24,1,26,2,14,10,4,0
5,3,24,1,27,4,20,12,7,1
6,3,24,1,28,3,23,11,11,1
7,3,24,1,29,3,27,11,15,1
8,3,24,1,30,2,30,10,17,0
9,3,24,1,31,3,35,11,24,1
10,3,24,1,32,3,39,11,15,1
11,3,24,1,33,4,44,12,13,1
1,4,24,1,34,3,3,15,15,0
2,4,24,1,35,4,8,16,10,0
3,4,24,1,36,3,11,15,10,1
4,4,24,1,37,1,13,13,6,1
5,4,24,1,38,3,19,15,13,1
6,4,24,1,39,3,23,15,13,1
7,4,24,1,40,3,27,15,16,1
8,4,24,1,41,2,30,14,15,0
9,4,24,1,42,3,35,15,11,1
10,4,24,1,43,4,40,16,11,1
11,4,24,1,44,2,42,14,10,0
1,5,24,1,45,2,2,18,8,0
2,5,24,1,46,1,5,17,10,1
3,5,24,1,47,2,10,18,10,0
4,5,24,1,48,3,15,19,13,0
5,5,24,1,49,2,18,18,10,1
6,5,24,1,50,1,21,17,5,1
7,5,24,1,51,2,26,18,13,0
8,5,24,1,52,2,30,18,19,0
9,5,24,1,53,2,34,18,11,0
10,5,24,1,54,1,37,17,10,1
11,5,24,1,55,3,43,19,16,1
1,1,25,1,1,4,4,4,16,1
2,1,25,1,2,3,7,3,10,1
3,1,25,1,3,1,9,1,10,1
4,1,25,1,4,3,15,3,11,1
5,1,25,1,5,1,17,1,8,1
6,1,25,1,6,4,24,4,9,1
7,1,25,1,7,1,25,1,10,1
8,1,25,1,8,2,30,2,7,0
9,1,25,1,9,2,34,2,14,0
10,1,25,1,10,3,39,3,8,1
11,1,25,1,11,2,42,2,14,1
1,2,25,1,12,4,4,8,16,1
2,2,25,1,13,3,7,7,4,1
3,2,25,1,14,2,10,6,15,0
4,2,25,1,15,2,14,6,14,0
5,2,25,1,16,2,18,6,18,0
6,2,25,1,17,1,21,5,15,1
7,2,25,1,18,3,27,7,17,1
8,2,25,1,19,1,29,5,16,1
9,2,25,1,20,4,36,8,13,1
10,2,25,1,21,2,38,6,21,0
11,2,25,1,22,4,44,8,11,1
1,3,25,1,23,4,4,12,9,1
2,3,25,1,24,1,5,9,13,1
3,3,25,1,25,3,11,11,17,1
4,3,25,1,26,2,14,10,8,0
5,3,25,1,27,2,18,10,6,0
6,3,25,1,28,3,23,11,22,1
7,3,25,1,29,4,28,12,11,1
8,3,25,1,30,2,30,10,15,0
9,3,25,1,31,3,35,11,12,1
10,3,25,1,32,3,39,11,24,1
11,3,25,1,33,2,42,10,6,0
1,4,25,1,34,1,1,13,19,1
2,4,25,1,35,3,7,15,8,1
3,4,25,1,36,2,10,14,10,0
4,4,25,1,37,2,14,14,42,1
5,4,25,1,38,2,18,14,19,0
6,4,25,1,39,3,23,15,9,1
7,4,25,1,40,2,26,14,18,0
8,4,25,1,41,2,30,14,7,0
9,4,25,1,42,3,35,15,9,1
10,4,25,1,43,2,38,14,9,1
11,4,25,1,44,3,43,15,7,1
1,5,25,1,45,3,3,19,10,0
2,5,25,1,46,3,7,19,12,1
3,5,25,1,47,2,10,18,8,0
4,5,25,1,48,2,14,18,20,0
5,5,25,1,49,2,18,18,7,0
6,5,25,1,50,3,23,19,7,1
7,5,25,1,51,3,27,19,7,1
8,5,25,1,52,2,30,18,18,0
9,5,25,1,53,4,36,20,11,1
10,5,25,1,54,3,39,19,7,1
11,5,25,1,55,2,42,18,11,0
1,1,26,1,1,2,2,2,11,0
2,1,26,1,2,4,8,4,10,1
3,1,26,1,3,3,11,3,5,0
4,1,26,1,4,3,15,3,11,1
5,1,26,1,5,3,19,3,18,1
6,1,26,1,6,2,22,2,6,0
7,1,26,1,7,2,26,2,36,1
8,1,26,1,8,1,29,1,8,1
9,1,26,1,9,2,34,2,22,0
10,1,26,1,10,3,39,3,22,1
11,1,26,1,11,3,43,3,11,1
1,2,26,1,12,3,3,7,8,0
2,2,26,1,13,2,6,6,17,0
3,2,26,1,14,2,10,6,10,0
4,2,26,1,15,2,14,6,14,0
5,2,26,1,16,2,18,6,4,0
6,2,26,1,17,2,22,6,10,0
7,2,26,1,18,3,27,7,11,1
8,2,26,1,19,4,32,8,21,1
9,2,26,1,20,3,35,7,11,1
10,2,26,1,21,3,39,7,31,1
11,2,26,1,22,3,43,7,18,1
1,3,26,1,23,2,2,10,10,0
2,3,26,1,24,2,6,10,28,0
3,3,26,1,25,3,11,11,11,1
4,3,26,1,26,4,16,12,6,0
5,3,26,1,27,3,19,11,5,1
6,3,26,1,28,2,22,10,10,0
7,3,26,1,29,2,26,10,34,1
8,3,26,1,30,4,32,12,13,0
9,3,26,1,31,3,35,11,8,1
10,3,26,1,32,3,39,11,22,1
11,3,26,1,33,4,44,12,18,1
1,4,26,1,34,3,3,15,8,0
2,4,26,1,35,4,8,16,15,0
3,4,26,1,36,3,11,15,9,1
4,4,26,1,37,2,14,14,15,0
5,4,26,1,38,1,17,13,12,1
6,4,26,1,39,4,24,16,4,1
7,4,26,1,40,3,27,15,7,1
8,4,26,1,41,3,31,15,21,1
9,4,26,1,42,2,34,14,9,0
10,4,26,1,43,3,39,15,14,1
11,4,26,1,44,4,44,16,18,1
1,5,26,1,45,2,2,18,12,0
2,5,26,1,46,3,7,19,27,1
3,5,26,1,47,3,11,19,10,1
4,5,26,1,48,3,15,19,23,1
5,5,26,1,49,2,18,18,8,0
6,5,26,1,50,4,24,20,9,1
7,5,26,1,51,1,25,17,9,1
8,5,26,1,52,1,29,17,23,1
9,5,26,1,53,3,35,19,16,1
10,5,26,1,54,3,39,19,13,1
11,5,26,1,55,3,43,19,8,1
1,1,27,1,1,3,3,3,9,0
2,1,27,1,2,2,6,2,16,0
3,1,27,1,3,1,9,1,12,1
4,1,27,1,4,3,15,3,15,1
5,1,27,1,5,2,18,2,10,0
6,1,27,1,6,3,23,3,32,1
7,1,27,1,7,3,27,3,18,1
8,1,27,1,8,2,30,2,9,0
9,1,27,1,9,3,35,3,18,1
10,1,27,1,10,1,37,1,13,1
11,1,27,1,11,2,42,2,27,0
1,2,27,1,12,3,3,7,14,1
2,2,27,1,13,3,7,7,12,1
3,2,27,1,14,1,9,5,6,1
4,2,27,1,15,2,14,6,13,0
5,2,27,1,16,2,18,6,11,0
6,2,27,1,17,2,22,6,10,0
7,2,27,1,18,3,27,7,7,1
8,2,27,1,19,2,30,6,14,0
9,2,27,1,20,2,34,6,13,1
10,2,27,1,21,2,38,6,11,0
11,2,27,1,22,3,43,7,16,1
1,3,27,1,23,3,3,11,10,1
2,3,27,1,24,3,7,11,9,0
3,3,27,1,25,2,10,10,16,0
4,3,27,1,26,3,15,11,17,1
5,3,27,1,27,3,19,11,8,1
6,3,27,1,28,3,23,11,28,1
7,3,27,1,29,3,27,11,6,1
8,3,27,1,30,3,31,11,10,1
9,3,27,1,31,3,35,11,18,1
10,3,27,1,32,3,39,11,5,1
11,3,27,1,33,3,43,11,20,1
1,4,27,1,34,3,3,15,11,1
2,4,27,1,35,3,7,15,15,1
3,4,27,1,36,2,10,14,12,0
4,4,27,1,37,3,15,15,11,1
5,4,27,1,38,4,20,16,10,1
6,4,27,1,39,3,23,15,25,1
7,4,27,1,40,3,27,15,10,1
8,4,27,1,41,2,30,14,19,0
9,4,27,1,42,2,34,14,24,0
10,4,27,1,43,1,37,13,7,1
11,4,27,1,44,2,42,14,13,1
1,5,27,1,45,3,3,19,26,1
2,5,27,1,46,4,8,20,12,1
3,5,27,1,47,4,12,20,9,1
4,5,27,1,48,3,15,19,31,1
5,5,27,1,49,2,18,18,8,0
6,5,27,1,50,2,22,18,16,0
7,5,27,1,51,3,27,19,12,1
8,5,27,1,52,1,29,17,27,1
9,5,27,1,53,2,34,18,17,0
10,5,27,1,54,2,38,18,20,1
11,5,27,1,55,3,43,19,6,1
1,1,28,1,1,2,2,2,16,0
2,1,28,1,2,1,5,1,6,1
3,1,28,1,3,2,10,2,17,1
4,1,28,1,4,2,14,2,12,0
5,1,28,1,5,3,19,3,17,1
6,1,28,1,6,2,22,2,18,0
7,1,28,1,7,3,27,3,12,1
8,1,28,1,8,3,31,3,27,1
9,1,28,1,9,1,33,1,18,1
10,1,28,1,10,1,37,1,10,1
11,1,28,1,11,1,41,1,11,1
1,2,28,1,12,2,2,6,15,0
2,2,28,1,13,2,6,6,14,0
3,2,28,1,14,3,11,7,10,1
4,2,28,1,15,2,14,6,14,0
5,2,28,1,16,1,17,5,14,1
6,2,28,1,17,2,22,6,15,1
7,2,28,1,18,3,27,7,14,1
8,2,28,1,19,2,30,6,10,0
9,2,28,1,20,4,36,8,37,1
10,2,28,1,21,3,39,7,10,1
11,2,28,1,22,4,44,8,9,1
1,3,28,1,23,3,3,11,29,1
2,3,28,1,24,4,8,12,8,1
3,3,28,1,25,2,10,10,32,0
4,3,28,1,26,1,13,9,23,1
5,3,28,1,27,3,19,11,17,1
6,3,28,1,28,4,24,12,4,1
7,3,28,1,29,3,27,11,11,1
8,3,28,1,30,4,32,12,15,1
9,3,28,1,31,3,35,11,20,1
10,3,28,1,32,2,38,10,6,1
11,3,28,1,33,4,44,12,8,1
1,4,28,1,34,3,3,15,7,1
2,4,28,1,35,4,8,16,11,1
3,4,28,1,36,2,10,14,7,0
4,4,28,1,37,2,14,14,11,0
5,4,28,1,38,2,18,14,13,0
6,4,28,1,39,3,23,15,9,1
7,4,28,1,40,2,26,14,7,0
8,4,28,1,41,2,30,14,9,1
9,4,28,1,42,1,33,13,18,1
10,4,28,1,43,1,37,13,11,1
11,4,28,1,44,1,41,13,7,1
1,5,28,1,45,1,1,17,9,1
2,5,28,1,46,2,6,18,17,0
3,5,28,1,47,3,11,19,6,1
4,5,28,1,48,3,15,19,12,1
5,5,28,1,49,4,20,20,7,1
6,5,28,1,50,3,23,19,7,1
7,5,28,1,51,2,26,18,13,0
8,5,28,1,52,3,31,19,17,1
9,5,28,1,53,2,34,18,10,0
10,5,28,1,54,2,38,18,6,0
11,5,28,1,55,1,41,17,20,1
1,1,29,1,1,3,3,3,10,1
2,1,29,1,2,1,5,1,5,1
3,1,29,1,3,3,11,3,12,1
4,1,29,1,4,1,13,1,27,1
5,1,29,1,5,2,18,2,11,0
6,1,29,1,6,2,22,2,17,0
7,1,29,1,7,2,26,2,10,0
8,1,29,1,8,2,30,2,21,0
9,1,29,1,9,3,35,3,16,1
10,1,29,1,10,4,40,4,19,1
11,1,29,1,11,4,44,4,12,1
1,2,29,1,12,1,1,5,8,1
2,2,29,1,13,2,6,6,14,0
3,2,29,1,14,3,11,7,9,1
4,2,29,1,15,2,14,6,25,0
5,2,29,1,16,1,17,5,12,1
6,2,29,1,17,2,22,6,14,0
7,2,29,1,18,3,27,7,9,1
8,2,29,1,19,3,31,7,11,1
9,2,29,1,20,4,36,8,21,1
10,2,29,1,21,3,39,7,9,1
11,2,29,1,22,2,42,6,11,0
1,3,29,1,23,3,3,11,9,1
2,3,29,1,24,3,7,11,12,1
3,3,29,1,25,2,10,10,9,0
4,3,29,1,26,4,16,12,25,1
5,3,29,1,27,3,19,11,22,1
6,3,29,1,28,3,23,11,16,1
7,3,29,1,29,4,28,12,9,1
8,3,29,1,30,2,30,10,12,0
9,3,29,1,31,3,35,11,8,1
10,3,29,1,32,3,39,11,9,1
11,3,29,1,33,3,43,11,22,1
1,4,29,1,34,3,3,15,21,1
2,4,29,1,35,3,7,15,10,1
3,4,29,1,36,3,11,15,10,1
4,4,29,1,37,2,14,14,9,0
5,4,29,1,38,2,18,14,10,0
6,4,29,1,39,4,24,16,18,1
7,4,29,1,40,4,28,16,5,1
8,4,29,1,41,2,30,14,7,0
9,4,29,1,42,3,35,15,16,1
10,4,29,1,43,4,40,16,13,1
11,4,29,1,44,4,44,16,5,1
1,5,29,1,45,4,4,20,7,0
2,5,29,1,46,3,7,19,6,1
3,5,29,1,47,3,11,19,23,1
4,5,29,1,48,4,16,20,11,1
5,5,29,1,49,4,20,20,14,1
6,5,29,1,50,2,22,18,10,0
7,5,29,1,51,4,28,20,19,1
8,5,29,1,52,3,31,19,25,1
9,5,29,1,53,2,34,18,10,0
10,5,29,1,54,1,37,17,23,1
11,5,29,1,55,3,43,19,14,1
1,1,30,1,1,2,2,2,14,0
2,1,30,1,2,2,6,2,7,0
3,1,30,1,3,2,10,2,9,0
4,1,30,1,4,3,15,3,17,1
5,1,30,1,5,1,17,1,3,1
6,1,30,1,6,3,23,3,20,1
7,1,30,1,7,4,28,4,9,1
8,1,30,1,8,4,32,4,11,1
9,1,30,1,9,1,33,1,28,1
10,1,30,1,10,1,37,1,7,1
11,1,30,1,11,3,43,3,17,1
1,2,30,1,12,2,2,6,7,0
2,2,30,1,13,3,7,7,11,1
3,2,30,1,14,2,10,6,8,0
4,2,30,1,15,3,15,7,27,1
5,2,30,1,16,2,18,6,11,0
6,2,30,1,17,1,21,5,4,1
7,2,30,1,18,3,27,7,8,1
8,2,30,1,19,3,31,7,9,1
9,2,30,1,20,3,35,7,20,1
10,2,30,1,21,2,38,6,24,0
11,2,30,1,22,4,44,8,9,1
1,3,30,1,23,3,3,11,14,1
2,3,30,1,24,2,6,10,7,0
3,3,30,1,25,2,10,10,12,1
4,3,30,1,26,3,15,11,12,1
5,3,30,1,27,3,19,11,6,1
6,3,30,1,28,3,23,11,14,1
7,3,30,1,29,3,27,11,9,1
8,3,30,1,30,2,30,10,8,0
9,3,30,1,31,2,34,10,13,0
10,3,30,1,32,3,39,11,7,1
11,3,30,1,33,3,43,11,13,1
1,4,30,1,34,3,3,15,8,1
2,4,30,1,35,4,8,16,14,0
3,4,30,1,36,2,10,14,9,0
4,4,30,1,37,2,14,14,10,0
5,4,30,1,38,3,19,15,9,1
6,4,30,1,39,3,23,15,11,1
7,4,30,1,40,2,26,14,7,0
8,4,30,1,41,4,32,16,10,1
9,4,30,1,42,3,35,15,15,1
10,4,30,1,43,4,40,16,5,1
11,4,30,1,44,3,43,15,12,1
1,5,30,1,45,4,4,20,14,1
2,5,30,1,46,3,7,19,14,1
3,5,30,1,47,2,10,18,18,0
4,5,30,1,48,3,15,19,16,1
5,5,30,1,49,3,19,19,14,1
6,5,30,1,50,2,22,18,13,0
7,5,30,1,51,3,27,19,15,1
8,5,30,1,52,4,32,20,8,1
9,5,30,1,53,2,34,18,12,0
10,5,30,1,54,3,39,19,11,1
11,5,30,1,55,2,42,18,35,1
1,1,31,1,1,4,4,4,9,0
2,1,31,1,2,3,7,3,18,1
3,1,31,1,3,3,11,3,10,1
4,1,31,1,4,3,15,3,20,0
5,1,31,1,5,3,19,3,11,1
6,1,31,1,6,3,23,3,6,1
7,1,31,1,7,2,26,2,19,0
8,1,31,1,8,4,32,4,12,1
9,1,31,1,9,2,34,2,36,1
10,1,31,1,10,1,37,1,25,1
11,1,31,1,11,2,42,2,21,0
1,2,31,1,12,2,2,6,9,0
2,2,31,1,13,2,6,6,13,0
3,2,31,1,14,1,9,5,8,1
4,2,31,1,15,2,14,6,9,0
5,2,31,1,16,2,18,6,26,0
6,2,31,1,17,1,21,5,18,1
7,2,31,1,18,3,27,7,14,1
8,2,31,1,19,1,29,5,9,1
9,2,31,1,20,1,33,5,17,1
10,2,31,1,21,4,40,8,13,1
11,2,31,1,22,2,42,6,21,0
1,3,31,1,23,4,4,12,4,0
2,3,31,1,24,2,6,10,14,0
3,3,31,1,25,2,10,10,20,1
4,3,31,1,26,2,14,10,12,0
5,3,31,1,27,3,19,11,8,1
6,3,31,1,28,2,22,10,10,0
7,3,31,1,29,1,25,9,6,1
8,3,31,1,30,2,30,10,10,0
9,3,31,1,31,2,34,10,17,0
10,3,31,1,32,3,39,11,10,1
11,3,31,1,33,2,42,10,11,1
1,4,31,1,34,3,3,15,13,0
2,4,31,1,35,1,5,13,25,1
3,4,31,1,36,3,11,15,10,0
4,4,31,1,37,3,15,15,10,1
5,4,31,1,38,1,17,13,7,1
6,4,31,1,39,2,22,14,13,0
7,4,31,1,40,1,25,13,17,1
8,4,31,1,41,2,30,14,14,0
9,4,31,1,42,3,35,15,8,1
10,4,31,1,43,3,39,15,11,1
11,4,31,1,44,3,43,15,8,1
1,5,31,1,45,3,3,19,7,0
2,5,31,1,46,1,5,17,30,1
3,5,31,1,47,2,10,18,13,0
4,5,31,1,48,2,14,18,9,0
5,5,31,1,49,3,19,19,4,1
6,5,31,1,50,2,22,18,9,0
7,5,31,1,51,3,27,19,8,1
8,5,31,1,52,3,31,19,8,1
9,5,31,1,53,2,34,18,29,1
10,5,31,1,54,1,37,17,7,1
11,5,31,1,55,3,43,19,11,1
1,1,32,1,1,4,4,4,21,0
2,1,32,1,2,2,6,2,15,0
3,1,32,1,3,4,12,4,19,0
4,1,32,1,4,2,14,2,24,0
5,1,32,1,5,1,17,1,21,1
6,1,32,1,6,2,22,2,8,0
7,1,32,1,7,3,27,3,7,1
8,1,32,1,8,2,30,2,21,0
9,1,32,1,9,3,35,3,49,1
10,1,32,1,10,3,39,3,17,1
11,1,32,1,11,2,42,2,14,0
1,2,32,1,12,3,3,7,9,1
2,2,32,1,13,3,7,7,9,0
3,2,32,1,14,2,10,6,7,0
4,2,32,1,15,3,15,7,18,1
5,2,32,1,16,3,19,7,12,1
6,2,32,1,17,2,22,6,10,0
7,2,32,1,18,2,26,6,7,0
8,2,32,1,19,3,31,7,12,1
9,2,32,1,20,2,34,6,14,0
10,2,32,1,21,2,38,6,4,0
11,2,32,1,22,2,42,6,10,0
1,3,32,1,23,4,4,12,10,0
2,3,32,1,24,3,7,11,9,1
3,3,32,1,25,4,12,12,9,0
4,3,32,1,26,3,15,11,14,1
5,3,32,1,27,3,19,11,7,0
6,3,32,1,28,4,24,12,12,1
7,3,32,1,29,1,25,9,11,1
8,3,32,1,30,4,32,12,14,1
9,3,32,1,31,2,34,10,16,1
10,3,32,1,32,3,39,11,14,1
11,3,32,1,33,2,42,10,15,1
1,4,32,1,34,2,2,14,15,0
2,4,32,1,35,4,8,16,9,1
3,4,32,1,36,2,10,14,17,0
4,4,32,1,37,3,15,15,14,1
5,4,32,1,38,4,20,16,13,1
6,4,32,1,39,2,22,14,19,0
7,4,32,1,40,2,26,14,14,0
8,4,32,1,41,4,32,16,11,1
9,4,32,1,42,4,36,16,30,1
10,4,32,1,43,3,39,15,13,1
11,4,32,1,44,4,44,16,11,1
1,5,32,1,45,3,3,19,8,1
2,5,32,1,46,1,5,17,15,1
3,5,32,1,47,3,11,19,13,1
4,5,32,1,48,3,15,19,5,1
5,5,32,1,49,2,18,18,11,0
6,5,32,1,50,2,22,18,9,0
7,5,32,1,51,4,28,20,15,1
8,5,32,1,52,4,32,20,6,1
9,5,32,1,53,4,36,20,16,1
10,5,32,1,54,2,38,18,18,1
11,5,32,1,55,3,43,19,18,1
1,1,33,1,1,2,2,2,10,0
2,1,33,1,2,2,6,2,6,0
3,1,33,1,3,2,10,2,7,0
4,1,33,1,4,3,15,3,8,1
5,1,33,1,5,3,19,3,18,1
6,1,33,1,6,2,22,2,7,0
7,1,33,1,7,3,27,3,8,1
8,1,33,1,8,4,32,4,8,1
9,1,33,1,9,3,35,3,7,0
10,1,33,1,10,1,37,1,9,1
11,1,33,1,11,2,42,2,8,0
1,2,33,1,12,2,2,6,5,0
2,2,33,1,13,3,7,7,13,1
3,2,33,1,14,3,11,7,6,1
4,2,33,1,15,3,15,7,12,1
5,2,33,1,16,3,19,7,10,1
6,2,33,1,17,3,23,7,15,1
7,2,33,1,18,3,27,7,11,1
8,2,33,1,19,2,30,6,11,1
9,2,33,1,20,3,35,7,16,1
10,2,33,1,21,1,37,5,10,1
11,2,33,1,22,3,43,7,6,1
1,3,33,1,23,3,3,11,10,1
2,3,33,1,24,3,7,11,5,1
3,3,33,1,25,4,12,12,13,0
4,3,33,1,26,4,16,12,5,1
5,3,33,1,27,4,20,12,9,1
6,3,33,1,28,2,22,10,6,0
7,3,33,1,29,2,26,10,7,1
8,3,33,1,30,3,31,11,10,1
9,3,33,1,31,2,34,10,17,0
10,3,33,1,32,2,38,10,9,0
11,3,33,1,33,1,41,9,31,1
1,4,33,1,34,2,2,14,13,0
2,4,33,1,35,1,5,13,7,1
3,4,33,1,36,2,10,14,13,0
4,4,33,1,37,3,15,15,12,1
5,4,33,1,38,3,19,15,17,1
6,4,33,1,39,2,22,14,17,1
7,4,33,1,40,2,26,14,16,0
8,4,33,1,41,4,32,16,9,1
9,4,33,1,42,2,34,14,9,0
10,4,33,1,43,2,38,14,8,1
11,4,33,1,44,3,43,15,10,1
1,5,33,1,45,1,1,17,30,1
2,5,33,1,46,2,6,18,19,0
3,5,33,1,47,3,11,19,15,1
4,5,33,1,48,2,14,18,11,0
5,5,33,1,49,4,20,20,9,1
6,5,33,1,50,3,23,19,13,1
7,5,33,1,51,2,26,18,9,0
8,5,33,1,52,2,30,18,8,0
9,5,33,1,53,2,34,18,31,0
10,5,33,1,54,2,38,18,11,0
11,5,33,1,55,2,42,18,12,1
1,1,34,1,1,3,3,3,13,1
2,1,34,1,2,2,6,2,13,0
3,1,34,1,3,3,11,3,15,0
4,1,34,1,4,2,14,2,22,0
5,1,34,1,5,3,19,3,23,1
6,1,34,1,6,3,23,3,21,1
7,1,34,1,7,3,27,3,8,1
8,1,34,1,8,3,31,3,9,1
9,1,34,1,9,1,33,1,16,1
10,1,34,1,10,2,38,2,18,1
11,1,34,1,11,3,43,3,9,1
1,2,34,1,12,3,3,7,16,0
2,2,34,1,13,2,6,6,7,0
3,2,34,1,14,3,11,7,10,1
4,2,34,1,15,3,15,7,15,1
5,2,34,1,16,2,18,6,13,0
6,2,34,1,17,2,22,6,12,0
7,2,34,1,18,2,26,6,5,0
8,2,34,1,19,3,31,7,15,1
9,2,34,1,20,3,35,7,13,1
10,2,34,1,21,2,38,6,8,0
11,2,34,1,22,3,43,7,5,1
1,3,34,1,23,3,3,11,20,1
2,3,34,1,24,2,6,10,15,0
3,3,34,1,25,3,11,11,8,1
4,3,34,1,26,1,13,9,16,1
5,3,34,1,27,3,19,11,21,1
6,3,34,1,28,3,23,11,18,1
7,3,34,1,29,3,27,11,9,1
8,3,34,1,30,3,31,11,15,1
9,3,34,1,31,3,35,11,13,1
10,3,34,1,32,3,39,11,26,1
11,3,34,1,33,3,43,11,17,1
1,4,34,1,34,2,2,14,7,0
2,4,34,1,35,1,5,13,7,1
3,4,34,1,36,3,11,15,13,1
4,4,34,1,37,4,16,16,19,0
5,4,34,1,38,3,19,15,13,1
6,4,34,1,39,2,22,14,15,0
7,4,34,1,40,4,28,16,10,1
8,4,34,1,41,4,32,16,21,1
9,4,34,1,42,1,33,13,24,1
10,4,34,1,43,2,38,14,14,1
11,4,34,1,44,3,43,15,8,1
1,5,34,1,45,3,3,19,7,1
2,5,34,1,46,2,6,18,7,0
3,5,34,1,47,3,11,19,7,1
4,5,34,1,48,2,14,18,7,0
5,5,34,1,49,2,18,18,15,0
6,5,34,1,50,2,22,18,10,0
7,5,34,1,51,3,27,19,16,1
8,5,34,1,52,3,31,19,6,1
9,5,34,1,53,3,35,19,41,1
10,5,34,1,54,3,39,19,11,1
11,5,34,1,55,3,43,19,11,1
1,1,35,1,1,3,3,3,16,1
2,1,35,1,2,1,5,1,18,1
3,1,35,1,3,2,10,2,6,0
4,1,35,1,4,1,13,1,10,1
5,1,35,1,5,3,19,3,5,1
6,1,35,1,6,2,22,2,17,0
7,1,35,1,7,1,25,1,4,1
8,1,35,1,8,3,31,3,11,1
9,1,35,1,9,2,34,2,18,0
10,1,35,1,10,2,38,2,12,1
11,1,35,1,11,3,43,3,9,1
1,2,35,1,12,3,3,7,23,1
2,2,35,1,13,3,7,7,15,1
3,2,35,1,14,3,11,7,11,1
4,2,35,1,15,1,13,5,7,1
5,2,35,1,16,2,18,6,15,0
6,2,35,1,17,2,22,6,18,0
7,2,35,1,18,3,27,7,9,1
8,2,35,1,19,2,30,6,16,1
9,2,35,1,20,3,35,7,12,1
10,2,35,1,21,2,38,6,35,1
11,2,35,1,22,2,42,6,17,0
1,3,35,1,23,1,1,9,23,1
2,3,35,1,24,1,5,9,10,1
3,3,35,1,25,2,10,10,8,0
4,3,35,1,26,3,15,11,13,1
5,3,35,1,27,2,18,10,12,0
6,3,35,1,28,1,21,9,10,1
7,3,35,1,29,3,27,11,9,1
8,3,35,1,30,3,31,11,12,1
9,3,35,1,31,3,35,11,15,1
10,3,35,1,32,3,39,11,28,1
11,3,35,1,33,2,42,10,12,0
1,4,35,1,34,3,3,15,13,1
2,4,35,1,35,2,6,14,11,0
3,4,35,1,36,2,10,14,16,0
4,4,35,1,37,2,14,14,10,0
5,4,35,1,38,2,18,14,23,0
6,4,35,1,39,2,22,14,9,0
7,4,35,1,40,3,27,15,21,1
8,4,35,1,41,2,30,14,9,1
9,4,35,1,42,3,35,15,15,1
10,4,35,1,43,3,39,15,4,1
11,4,35,1,44,4,44,16,9,1
1,5,35,1,45,1,1,17,9,1
2,5,35,1,46,2,6,18,10,0
3,5,35,1,47,3,11,19,7,1
4,5,35,1,48,2,14,18,25,0
5,5,35,1,49,4,20,20,25,1
6,5,35,1,50,2,22,18,10,0
7,5,35,1,51,4,28,20,11,1
8,5,35,1,52,3,31,19,14,0
9,5,35,1,53,2,34,18,5,0
10,5,35,1,54,2,38,18,36,1
11,5,35,1,55,3,43,19,16,1
1,1,36,1,1,2,2,2,7,0
2,1,36,1,2,1,5,1,11,1
3,1,36,1,3,2,10,2,13,0
4,1,36,1,4,4,16,4,13,0
5,1,36,1,5,1,17,1,15,1
6,1,36,1,6,2,22,2,22,0
7,1,36,1,7,3,27,3,15,1
8,1,36,1,8,3,31,3,13,1
9,1,36,1,9,1,33,1,16,1
10,1,36,1,10,2,38,2,16,0
11,1,36,1,11,3,43,3,18,1
1,2,36,1,12,4,4,8,11,1
2,2,36,1,13,2,6,6,12,0
3,2,36,1,14,2,10,6,4,0
4,2,36,1,15,2,14,6,14,0
5,2,36,1,16,3,19,7,10,1
6,2,36,1,17,3,23,7,16,1
7,2,36,1,18,3,27,7,11,1
8,2,36,1,19,2,30,6,10,0
9,2,36,1,20,2,34,6,11,0
10,2,36,1,21,3,39,7,9,1
11,2,36,1,22,4,44,8,27,1
1,3,36,1,23,3,3,11,9,0
2,3,36,1,24,4,8,12,5,0
3,3,36,1,25,4,12,12,19,1
4,3,36,1,26,1,13,9,14,1
5,3,36,1,27,3,19,11,8,1
6,3,36,1,28,4,24,12,14,1
7,3,36,1,29,2,26,10,26,0
8,3,36,1,30,2,30,10,18,0
9,3,36,1,31,4,36,12,7,1
10,3,36,1,32,2,38,10,15,1
11,3,36,1,33,3,43,11,23,1
1,4,36,1,34,2,2,14,4,0
2,4,36,1,35,3,7,15,22,1
3,4,36,1,36,3,11,15,8,1
4,4,36,1,37,1,13,13,9,1
5,4,36,1,38,2,18,14,9,1
6,4,36,1,39,2,22,14,17,0
7,4,36,1,40,2,26,14,15,0
8,4,36,1,41,3,31,15,9,1
9,4,36,1,42,2,34,14,20,1
10,4,36,1,43,3,39,15,21,1
11,4,36,1,44,2,42,14,6,0
1,5,36,1,45,3,3,19,8,1
2,5,36,1,46,3,7,19,19,0
3,5,36,1,47,1,9,17,31,1
4,5,36,1,48,3,15,19,45,1
5,5,36,1,49,3,19,19,12,1
6,5,36,1,50,1,21,17,9,1
7,5,36,1,51,1,25,17,30,1
8,5,36,1,52,3,31,19,25,1
9,5,36,1,53,2,34,18,10,0
10,5,36,1,54,1,37,17,10,1
11,5,36,1,55,2,42,18,22,1
1,1,37,1,1,2,2,2,12,0
2,1,37,1,2,3,7,3,10,1
3,1,37,1,3,4,12,4,9,1
4,1,37,1,4,2,14,2,10,0
5,1,37,1,5,2,18,2,13,0
6,1,37,1,6,3,23,3,17,1
7,1,37,1,7,4,28,4,7,1
8,1,37,1,8,4,32,4,12,1
9,1,37,1,9,1,33,1,7,1
10,1,37,1,10,3,39,3,10,1
11,1,37,1,11,3,43,3,10,1
1,2,37,1,12,3,3,7,10,1
2,2,37,1,13,1,5,5,9,1
3,2,37,1,14,2,10,6,5,0
4,2,37,1,15,2,14,6,9,0
5,2,37,1,16,1,17,5,6,1
6,2,37,1,17,2,22,6,8,0
7,2,37,1,18,2,26,6,27,0
8,2,37,1,19,3,31,7,8,1
9,2,37,1,20,2,34,6,11,0
10,2,37,1,21,4,40,8,25,1
11,2,37,1,22,1,41,5,7,1
1,3,37,1,23,3,3,11,7,0
2,3,37,1,24,1,5,9,17,1
3,3,37,1,25,3,11,11,12,1
4,3,37,1,26,3,15,11,15,1
5,3,37,1,27,4,20,12,9,1
6,3,37,1,28,2,22,10,19,0
7,3,37,1,29,2,26,10,32,0
8,3,37,1,30,3,31,11,15,1
9,3,37,1,31,2,34,10,20,0
10,3,37,1,32,4,40,12,13,1
11,3,37,1,33,2,42,10,4,0
1,4,37,1,34,1,1,13,7,1
2,4,37,1,35,3,7,15,17,1
3,4,37,1,36,3,11,15,15,1
4,4,37,1,37,3,15,15,12,1
5,4,37,1,38,3,19,15,13,1
6,4,37,1,39,3,23,15,12,1
7,4,37,1,40,3,27,15,6,1
8,4,37,1,41,4,32,16,16,1
9,4,37,1,42,3,35,15,19,1
10,4,37,1,43,2,38,14,29,1
11,4,37,1,44,2,42,14,4,0
1,5,37,1,45,3,3,19,6,1
2,5,37,1,46,3,7,19,15,1
3,5,37,1,47,2,10,18,4,0
4,5,37,1,48,2,14,18,12,0
5,5,37,1,49,1,17,17,20,1
6,5,37,1,50,3,23,19,25,1
7,5,37,1,51,3,27,19,6,1
8,5,37,1,52,1,29,17,17,1
9,5,37,1,53,3,35,19,7,1
10,5,37,1,54,2,38,18,5,0
11,5,37,1,55,3,43,19,14,1
1,1,38,1,1,4,4,4,16,1
2,1,38,1,2,1,5,1,22,1
3,1,38,1,3,3,11,3,28,1
4,1,38,1,4,2,14,2,11,0
5,1,38,1,5,2,18,2,30,0
6,1,38,1,6,2,22,2,5,0
7,1,38,1,7,3,27,3,8,1
8,1,38,1,8,4,32,4,18,1
9,1,38,1,9,3,35,3,12,1
10,1,38,1,10,3,39,3,12,0
11,1,38,1,11,3,43,3,7,1
1,2,38,1,12,3,3,7,10,1
2,2,38,1,13,2,6,6,24,1
3,2,38,1,14,2,10,6,53,0
4,2,38,1,15,3,15,7,15,1
5,2,38,1,16,2,18,6,4,0
6,2,38,1,17,2,22,6,11,0
7,2,38,1,18,3,27,7,6,1
8,2,38,1,19,3,31,7,10,1
9,2,38,1,20,3,35,7,15,1
10,2,38,1,21,2,38,6,9,1
11,2,38,1,22,2,42,6,20,1
1,3,38,1,23,2,2,10,15,0
2,3,38,1,24,4,8,12,20,1
3,3,38,1,25,2,10,10,38,0
4,3,38,1,26,2,14,10,11,0
5,3,38,1,27,2,18,10,10,0
6,3,38,1,28,2,22,10,18,0
7,3,38,1,29,4,28,12,8,1
8,3,38,1,30,2,30,10,15,1
9,3,38,1,31,2,34,10,13,0
10,3,38,1,32,1,37,9,14,1
11,3,38,1,33,2,42,10,10,0
1,4,38,1,34,1,1,13,16,1
2,4,38,1,35,2,6,14,5,0
3,4,38,1,36,4,12,16,23,0
4,4,38,1,37,4,16,16,12,1
5,4,38,1,38,3,19,15,14,1
6,4,38,1,39,2,22,14,10,0
7,4,38,1,40,3,27,15,11,1
8,4,38,1,41,2,30,14,14,0
9,4,38,1,42,2,34,14,5,0
10,4,38,1,43,4,40,16,12,1
11,4,38,1,44,2,42,14,8,0
1,5,38,1,45,2,2,18,6,0
2,5,38,1,46,4,8,20,5,0
3,5,38,1,47,3,11,19,9,1
4,5,38,1,48,4,16,20,19,1
5,5,38,1,49,4,20,20,11,0
6,5,38,1,50,3,23,19,10,1
7,5,38,1,51,3,27,19,10,1
8,5,38,1,52,2,30,18,13,0
9,5,38,1,53,2,34,18,10,0
10,5,38,1,54,2,38,18,13,0
11,5,38,1,55,3,43,19,11,1
1,1,39,1,1,3,3,3,17,1
2,1,39,1,2,2,6,2,8,0
3,1,39,1,3,2,10,2,11,0
4,1,39,1,4,3,15,3,10,1
5,1,39,1,5,3,19,3,10,1
6,1,39,1,6,2,22,2,10,0
7,1,39,1,7,3,27,3,4,1
8,1,39,1,8,3,31,3,15,1
9,1,39,1,9,3,35,3,13,1
10,1,39,1,10,2,38,2,19,0
11,1,39,1,11,2,42,2,5,0
1,2,39,1,12,4,4,8,6,0
2,2,39,1,13,1,5,5,15,1
3,2,39,1,14,2,10,6,14,0
4,2,39,1,15,3,15,7,10,1
5,2,39,1,16,2,18,6,6,0
6,2,39,1,17,3,23,7,16,1
7,2,39,1,18,2,26,6,14,0
8,2,39,1,19,2,30,6,31,0
9,2,39,1,20,2,34,6,20,0
10,2,39,1,21,2,38,6,11,0
11,2,39,1,22,1,41,5,6,1
1,3,39,1,23,2,2,10,33,0
2,3,39,1,24,4,8,12,10,0
3,3,39,1,25,3,11,11,15,1
4,3,39,1,26,2,14,10,7,1
5,3,39,1,27,2,18,10,9,0
6,3,39,1,28,1,21,9,12,1
7,3,39,1,29,2,26,10,5,0
8,3,39,1,30,4,32,12,12,1
9,3,39,1,31,2,34,10,25,0
10,3,39,1,32,3,39,11,3,1
11,3,39,1,33,3,43,11,7,1
1,4,39,1,34,3,3,15,36,1
2,4,39,1,35,3,7,15,15,0
3,4,39,1,36,3,11,15,6,1
4,4,39,1,37,2,14,14,18,0
5,4,39,1,38,1,17,13,16,1
6,4,39,1,39,2,22,14,16,0
7,4,39,1,40,2,26,14,7,0
8,4,39,1,41,3,31,15,9,1
9,4,39,1,42,2,34,14,19,0
10,4,39,1,43,2,38,14,12,1
11,4,39,1,44,2,42,14,16,1
1,5,39,1,45,2,2,18,15,0
2,5,39,1,46,2,6,18,14,0
3,5,39,1,47,3,11,19,10,1
4,5,39,1,48,3,15,19,11,1
5,5,39,1,49,4,20,20,7,1
6,5,39,1,50,4,24,20,11,1
7,5,39,1,51,2,26,18,13,0
8,5,39,1,52,2,30,18,13,0
9,5,39,1,53,3,35,19,4,1
10,5,39,1,54,2,38,18,13,0
11,5,39,1,55,2,42,18,14,1
1,1,40,1,1,1,1,1,16,1
2,1,40,1,2,3,7,3,6,0
3,1,40,1,3,4,12,4,6,1
4,1,40,1,4,1,13,1,20,1
5,1,40,1,5,1,17,1,5,1
6,1,40,1,6,2,22,2,9,0
7,1,40,1,7,1,25,1,6,1
8,1,40,1,8,2,30,2,24,0
9,1,40,1,9,1,33,1,24,1
10,1,40,1,10,2,38,2,14,0
11,1,40,1,11,3,43,3,21,1
1,2,40,1,12,2,2,6,12,0
2,2,40,1,13,3,7,7,12,1
3,2,40,1,14,2,10,6,10,0
4,2,40,1,15,3,15,7,6,1
5,2,40,1,16,2,18,6,23,0
6,2,40,1,17,3,23,7,9,1
7,2,40,1,18,1,25,5,4,1
8,2,40,1,19,2,30,6,17,0
9,2,40,1,20,3,35,7,9,1
10,2,40,1,21,2,38,6,9,0
11,2,40,1,22,2,42,6,13,0
1,3,40,1,23,2,2,10,7,0
2,3,40,1,24,3,7,11,11,1
3,3,40,1,25,3,11,11,18,1
4,3,40,1,26,2,14,10,9,0
5,3,40,1,27,2,18,10,16,0
6,3,40,1,28,4,24,12,20,1
7,3,40,1,29,3,27,11,8,1
8,3,40,1,30,2,30,10,13,0
9,3,40,1,31,3,35,11,7,1
10,3,40,1,32,3,39,11,3,1
11,3,40,1,33,4,44,12,15,1
1,4,40,1,34,2,2,14,10,0
2,4,40,1,35,1,5,13,17,1
3,4,40,1,36,1,9,13,11,1
4,4,40,1,37,4,16,16,6,1
5,4,40,1,38,3,19,15,6,1
6,4,40,1,39,2,22,14,18,0
7,4,40,1,40,4,28,16,10,1
8,4,40,1,41,2,30,14,11,0
9,4,40,1,42,2,34,14,7,0
10,4,40,1,43,3,39,15,11,1
11,4,40,1,44,2,42,14,15,1
1,5,40,1,45,2,2,18,21,0
2,5,40,1,46,3,7,19,8,1
3,5,40,1,47,2,10,18,14,0
4,5,40,1,48,3,15,19,25,1
5,5,40,1,49,2,18,18,6,0
6,5,40,1,50,3,23,19,12,1
7,5,40,1,51,2,26,18,11,0
8,5,40,1,52,2,30,18,17,0
9,5,40,1,53,2,34,18,20,1
10,5,40,1,54,2,38,18,23,0
11,5,40,1,55,3,43,19,6,1
1,1,41,1,1,3,3,3,7,1
2,1,41,1,2,2,6,2,11,0
3,1,41,1,3,2,10,2,11,0
4,1,41,1,4,1,13,1,10,1
5,1,41,1,5,3,19,3,11,1
6,1,41,1,6,2,22,2,7,1
7,1,41,1,7,3,27,3,8,1
8,1,41,1,8,2,30,2,8,0
9,1,41,1,9,1,33,1,10,1
10,1,41,1,10,1,37,1,5,1
11,1,41,1,11,2,42,2,15,0
1,2,41,1,12,2,2,6,11,0
2,2,41,1,13,3,7,7,19,1
3,2,41,1,14,2,10,6,13,0
4,2,41,1,15,3,15,7,7,1
5,2,41,1,16,4,20,8,15,1
6,2,41,1,17,2,22,6,6,0
7,2,41,1,18,4,28,8,10,1
8,2,41,1,19,3,31,7,17,1
9,2,41,1,20,3,35,7,12,1
10,2,41,1,21,3,39,7,21,1
11,2,41,1,22,2,42,6,7,0
1,3,41,1,23,1,1,9,20,0
2,3,41,1,24,2,6,10,6,0
3,3,41,1,25,1,9,9,4,1
4,3,41,1,26,2,14,10,3,0
5,3,41,1,27,3,19,11,7,1
6,3,41,1,28,2,22,10,10,0
7,3,41,1,29,2,26,10,6,1
8,3,41,1,30,3,31,11,12,1
9,3,41,1,31,1,33,9,15,1
10,3,41,1,32,2,38,10,14,0
11,3,41,1,33,2,42,10,5,0
1,4,41,1,34,2,2,14,4,0
2,4,41,1,35,2,6,14,15,0
3,4,41,1,36,2,10,14,11,0
4,4,41,1,37,2,14,14,15,0
5,4,41,1,38,4,20,16,17,1
6,4,41,1,39,2,22,14,22,0
7,4,41,1,40,3,27,15,10,1
8,4,41,1,41,2,30,14,18,0
9,4,41,1,42,2,34,14,24,1
10,4,41,1,43,2,38,14,17,0
11,4,41,1,44,2,42,14,8,0
1,5,41,1,45,3,3,19,9,1
2,5,41,1,46,2,6,18,18,0
3,5,41,1,47,2,10,18,14,0
4,5,41,1,48,3,15,19,17,1
5,5,41,1,49,1,17,17,14,1
6,5,41,1,50,3,23,19,10,1
7,5,41,1,51,3,27,19,11,1
8,5,41,1,52,2,30,18,14,1
9,5,41,1,53,3,35,19,15,1
10,5,41,1,54,3,39,19,13,1
11,5,41,1,55,2,42,18,18,1
1,1,42,1,1,1,1,1,15,1
2,1,42,1,2,3,7,3,15,1
3,1,42,1,3,3,11,3,6,1
4,1,42,1,4,2,14,2,13,0
5,1,42,1,5,1,17,1,7,1
6,1,42,1,6,4,24,4,17,1
7,1,42,1,7,3,27,3,22,1
8,1,42,1,8,2,30,2,14,0
9,1,42,1,9,3,35,3,23,1
10,1,42,1,10,2,38,2,19,0
11,1,42,1,11,3,43,3,6,1
1,2,42,1,12,3,3,7,8,1
2,2,42,1,13,3,7,7,9,1
3,2,42,1,14,4,12,8,16,1
4,2,42,1,15,1,13,5,23,1
5,2,42,1,16,1,17,5,7,1
6,2,42,1,17,1,21,5,8,1
7,2,42,1,18,1,25,5,18,1
8,2,42,1,19,2,30,6,5,0
9,2,42,1,20,2,34,6,53,1
10,2,42,1,21,4,40,8,5,1
11,2,42,1,22,3,43,7,16,1
1,3,42,1,23,3,3,11,7,0
2,3,42,1,24,1,5,9,9,1
3,3,42,1,25,2,10,10,15,0
4,3,42,1,26,3,15,11,7,1
5,3,42,1,27,1,17,9,5,1
6,3,42,1,28,4,24,12,9,1
7,3,42,1,29,4,28,12,7,1
8,3,42,1,30,1,29,9,13,1
9,3,42,1,31,3,35,11,17,1
10,3,42,1,32,2,38,10,27,0
11,3,42,1,33,4,44,12,14,1
1,4,42,1,34,4,4,16,10,0
2,4,42,1,35,2,6,14,13,0
3,4,42,1,36,3,11,15,5,1
4,4,42,1,37,3,15,15,10,1
5,4,42,1,38,3,19,15,37,1
6,4,42,1,39,4,24,16,10,0
7,4,42,1,40,2,26,14,19,0
8,4,42,1,41,3,31,15,7,1
9,4,42,1,42,1,33,13,10,1
10,4,42,1,43,3,39,15,27,1
11,4,42,1,44,1,41,13,9,1
1,5,42,1,45,4,4,20,9,1
2,5,42,1,46,3,7,19,17,1
3,5,42,1,47,3,11,19,18,1
4,5,42,1,48,1,13,17,15,1
5,5,42,1,49,3,19,19,6,1
6,5,42,1,50,2,22,18,7,0
7,5,42,1,51,2,26,18,25,1
8,5,42,1,52,2,30,18,25,0
9,5,42,1,53,3,35,19,7,1
10,5,42,1,54,1,37,17,7,1
11,5,42,1,55,4,44,20,9,1
1,1,43,1,1,4,4,4,10,0
2,1,43,1,2,3,7,3,8,0
3,1,43,1,3,2,10,2,10,0
4,1,43,1,4,2,14,2,8,0
5,1,43,1,5,2,18,2,18,0
6,1,43,1,6,3,23,3,13,1
7,1,43,1,7,2,26,2,9,0
8,1,43,1,8,1,29,1,5,1
9,1,43,1,9,2,34,2,16,0
10,1,43,1,10,3,39,3,9,1
11,1,43,1,11,2,42,2,15,1
1,2,43,1,12,4,4,8,15,0
2,2,43,1,13,3,7,7,19,1
3,2,43,1,14,3,11,7,9,1
4,2,43,1,15,3,15,7,16,1
5,2,43,1,16,1,17,5,12,1
6,2,43,1,17,3,23,7,6,1
7,2,43,1,18,3,27,7,7,1
8,2,43,1,19,2,30,6,18,1
9,2,43,1,20,1,33,5,11,1
10,2,43,1,21,1,37,5,5,1
11,2,43,1,22,3,43,7,4,1
1,3,43,1,23,2,2,10,16,0
2,3,43,1,24,3,7,11,22,1
3,3,43,1,25,3,11,11,21,1
4,3,43,1,26,3,15,11,9,1
5,3,43,1,27,2,18,10,9,0
6,3,43,1,28,2,22,10,10,0
7,3,43,1,29,2,26,10,25,0
8,3,43,1,30,2,30,10,11,1
9,3,43,1,31,2,34,10,20,0
10,3,43,1,32,3,39,11,11,1
11,3,43,1,33,2,42,10,4,0
1,4,43,1,34,3,3,15,6,1
2,4,43,1,35,2,6,14,53,0
3,4,43,1,36,4,12,16,10,1
4,4,43,1,37,4,16,16,15,1
5,4,43,1,38,4,20,16,17,1
6,4,43,1,39,3,23,15,13,1
7,4,43,1,40,3,27,15,13,1
8,4,43,1,41,3,31,15,3,1
9,4,43,1,42,4,36,16,11,1
10,4,43,1,43,4,40,16,23,1
11,4,43,1,44,2,42,14,10,0
1,5,43,1,45,2,2,18,20,0
2,5,43,1,46,2,6,18,9,0
3,5,43,1,47,2,10,18,14,0
4,5,43,1,48,1,13,17,18,1
5,5,43,1,49,2,18,18,12,0
6,5,43,1,50,3,23,19,16,1
7,5,43,1,51,2,26,18,11,0
8,5,43,1,52,1,29,17,16,1
9,5,43,1,53,3,35,19,18,1
10,5,43,1,54,3,39,19,9,1
11,5,43,1,55,3,43,19,13,1
1,1,44,1,1,3,3,3,13,1
2,1,44,1,2,3,7,3,9,1
3,1,44,1,3,3,11,3,14,1
4,1,44,1,4,1,13,1,9,1
5,1,44,1,5,3,19,3,6,1
6,1,44,1,6,1,21,1,21,1
7,1,44,1,7,4,28,4,15,1
8,1,44,1,8,4,32,4,4,1
9,1,44,1,9,2,34,2,9,0
10,1,44,1,10,2,38,2,17,1
11,1,44,1,11,4,44,4,6,1
1,2,44,1,12,3,3,7,17,1
2,2,44,1,13,2,6,6,13,0
3,2,44,1,14,2,10,6,19,0
4,2,44,1,15,3,15,7,7,1
5,2,44,1,16,2,18,6,10,0
6,2,44,1,17,2,22,6,12,0
7,2,44,1,18,1,25,5,6,1
8,2,44,1,19,1,29,5,7,1
9,2,44,1,20,1,33,5,15,1
10,2,44,1,21,3,39,7,8,1
11,2,44,1,22,3,43,7,8,1
1,3,44,1,23,4,4,12,9,0
2,3,44,1,24,4,8,12,13,0
3,3,44,1,25,3,11,11,4,0
4,3,44,1,26,4,16,12,19,1
5,3,44,1,27,4,20,12,7,0
6,3,44,1,28,2,22,10,8,1
7,3,44,1,29,4,28,12,5,0
8,3,44,1,30,3,31,11,11,1
9,3,44,1,31,3,35,11,35,1
10,3,44,1,32,1,37,9,26,1
11,3,44,1,33,2,42,10,13,0
1,4,44,1,34,2,2,14,13,0
2,4,44,1,35,3,7,15,15,1
3,4,44,1,36,3,11,15,12,1
4,4,44,1,37,3,15,15,9,1
5,4,44,1,38,2,18,14,8,0
6,4,44,1,39,1,21,13,15,1
7,4,44,1,40,3,27,15,6,1
8,4,44,1,41,3,31,15,28,1
9,4,44,1,42,4,36,16,14,1
10,4,44,1,43,4,40,16,12,1
11,4,44,1,44,4,44,16,18,1
1,5,44,1,45,3,3,19,10,1
2,5,44,1,46,3,7,19,15,1
3,5,44,1,47,4,12,20,9,0
4,5,44,1,48,4,16,20,13,1
5,5,44,1,49,2,18,18,20,0
6,5,44,1,50,3,23,19,7,1
7,5,44,1,51,3,27,19,4,1
8,5,44,1,52,1,29,17,10,1
9,5,44,1,53,3,35,19,18,1
10,5,44,1,54,2,38,18,19,0
11,5,44,1,55,4,44,20,16,1
1,1,45,1,1,3,3,3,10,1
2,1,45,1,2,3,7,3,10,1
3,1,45,1,3,3,11,3,23,1
4,1,45,1,4,4,16,4,6,1
5,1,45,1,5,2,18,2,17,0
6,1,45,1,6,2,22,2,6,0
7,1,45,1,7,2,26,2,14,0
8,1,45,1,8,1,29,1,9,1
9,1,45,1,9,2,34,2,22,0
10,1,45,1,10,3,39,3,13,1
11,1,45,1,11,2,42,2,25,1
1,2,45,1,12,3,3,7,16,1
2,2,45,1,13,3,7,7,16,1
3,2,45,1,14,3,11,7,7,1
4,2,45,1,15,2,14,6,11,0
5,2,45,1,16,3,19,7,35,1
6,2,45,1,17,1,21,5,12,1
7,2,45,1,18,2,26,6,12,0
8,2,45,1,19,3,31,7,17,1
9,2,45,1,20,4,36,8,11,1
10,2,45,1,21,3,39,7,7,1
11,2,45,1,22,2,42,6,8,0
1,3,45,1,23,2,2,10,14,0
2,3,45,1,24,3,7,11,22,1
3,3,45,1,25,3,11,11,17,1
4,3,45,1,26,4,16,12,10,1
5,3,45,1,27,2,18,10,8,0
6,3,45,1,28,4,24,12,17,1
7,3,45,1,29,1,25,9,9,1
8,3,45,1,30,3,31,11,31,1
9,3,45,1,31,2,34,10,9,0
10,3,45,1,32,1,37,9,17,1
11,3,45,1,33,3,43,11,6,1
1,4,45,1,34,2,2,14,9,0
2,4,45,1,35,4,8,16,29,1
3,4,45,1,36,2,10,14,11,0
4,4,45,1,37,2,14,14,10,0
5,4,45,1,38,2,18,14,11,0
6,4,45,1,39,3,23,15,18,1
7,4,45,1,40,3,27,15,4,1
8,4,45,1,41,3,31,15,9,1
9,4,45,1,42,1,33,13,10,1
10,4,45,1,43,2,38,14,16,0
11,4,45,1,44,2,42,14,17,0
1,5,45,1,45,3,3,19,11,0
2,5,45,1,46,3,7,19,10,1
3,5,45,1,47,3,11,19,14,1
4,5,45,1,48,3,15,19,12,1
5,5,45,1,49,2,18,18,16,0
6,5,45,1,50,3,23,19,7,1
7,5,45,1,51,2,26,18,11,0
8,5,45,1,52,2,30,18,13,0
9,5,45,1,53,4,36,20,18,1
10,5,45,1,54,3,39,19,13,1
11,5,45,1,55,3,43,19,10,1
1,1,46,1,1,4,4,4,19,1
2,1,46,1,2,4,8,4,7,1
3,1,46,1,3,3,11,3,19,0
4,1,46,1,4,2,14,2,6,0
5,1,46,1,5,3,19,3,27,1
6,1,46,1,6,1,21,1,12,1
7,1,46,1,7,3,27,3,22,1
8,1,46,1,8,2,30,2,7,0
9,1,46,1,9,2,34,2,13,1
10,1,46,1,10,1,37,1,29,1
11,1,46,1,11,2,42,2,10,0
1,2,46,1,12,3,3,7,11,0
2,2,46,1,13,3,7,7,7,1
3,2,46,1,14,2,10,6,9,0
4,2,46,1,15,1,13,5,20,1
5,2,46,1,16,1,17,5,11,1
6,2,46,1,17,1,21,5,16,1
7,2,46,1,18,2,26,6,19,0
8,2,46,1,19,1,29,5,25,1
9,2,46,1,20,2,34,6,36,1
10,2,46,1,21,3,39,7,14,1
11,2,46,1,22,4,44,8,20,1
1,3,46,1,23,2,2,10,10,0
2,3,46,1,24,3,7,11,15,1
3,3,46,1,25,3,11,11,7,1
4,3,46,1,26,1,13,9,5,1
5,3,46,1,27,3,19,11,16,1
6,3,46,1,28,4,24,12,14,1
7,3,46,1,29,2,26,10,7,0
8,3,46,1,30,2,30,10,4,0
9,3,46,1,31,3,35,11,19,1
10,3,46,1,32,4,40,12,8,1
11,3,46,1,33,3,43,11,13,1
1,4,46,1,34,2,2,14,8,0
2,4,46,1,35,3,7,15,12,1
3,4,46,1,36,1,9,13,10,1
4,4,46,1,37,3,15,15,18,1
5,4,46,1,38,1,17,13,9,1
6,4,46,1,39,3,23,15,12,1
7,4,46,1,40,3,27,15,19,1
8,4,46,1,41,3,31,15,25,1
9,4,46,1,42,2,34,14,4,0
10,4,46,1,43,2,38,14,9,1
11,4,46,1,44,3,43,15,11,1
1,5,46,1,45,3,3,19,11,1
2,5,46,1,46,3,7,19,6,0
3,5,46,1,47,4,12,20,19,1
4,5,46,1,48,3,15,19,19,1
5,5,46,1,49,2,18,18,8,0
6,5,46,1,50,2,22,18,5,0
7,5,46,1,51,4,28,20,16,1
8,5,46,1,52,4,32,20,30,1
9,5,46,1,53,2,34,18,17,0
10,5,46,1,54,2,38,18,23,1
11,5,46,1,55,2,42,18,10,0
1,1,47,1,1,3,3,3,12,1
2,1,47,1,2,3,7,3,23,0
3,1,47,1,3,3,11,3,7,1
4,1,47,1,4,4,16,4,25,1
5,1,47,1,5,1,17,1,9,1
6,1,47,1,6,2,22,2,11,0
7,1,47,1,7,2,26,2,5,0
8,1,47,1,8,3,31,3,13,1
9,1,47,1,9,2,34,2,16,0
10,1,47,1,10,2,38,2,15,0
11,1,47,1,11,4,44,4,10,1
1,2,47,1,12,2,2,6,16,0
2,2,47,1,13,4,8,8,12,0
3,2,47,1,14,1,9,5,9,1
4,2,47,1,15,3,15,7,10,1
5,2,47,1,16,3,19,7,30,1
6,2,47,1,17,2,22,6,8,0
7,2,47,1,18,2,26,6,27,0
8,2,47,1,19,3,31,7,14,1
9,2,47,1,20,2,34,6,10,0
10,2,47,1,21,3,39,7,8,1
11,2,47,1,22,2,42,6,9,1
1,3,47,1,23,4,4,12,6,0
2,3,47,1,24,3,7,11,10,1
3,3,47,1,25,1,9,9,12,1
4,3,47,1,26,3,15,11,8,1
5,3,47,1,27,3,19,11,15,1
6,3,47,1,28,1,21,9,7,1
7,3,47,1,29,1,25,9,22,1
8,3,47,1,30,3,31,11,12,1
9,3,47,1,31,3,35,11,11,1
10,3,47,1,32,4,40,12,10,1
11,3,47,1,33,1,41,9,11,1
1,4,47,1,34,2,2,14,18,0
2,4,47,1,35,2,6,14,16,0
3,4,47,1,36,2,10,14,8,0
4,4,47,1,37,2,14,14,15,0
5,4,47,1,38,2,18,14,8,0
6,4,47,1,39,3,23,15,10,1
7,4,47,1,40,4,28,16,19,1
8,4,47,1,41,1,29,13,17,1
9,4,47,1,42,3,35,15,18,1
10,4,47,1,43,2,38,14,7,0
11,4,47,1,44,3,43,15,7,1
1,5,47,1,45,3,3,19,8,0
2,5,47,1,46,2,6,18,19,0
3,5,47,1,47,3,11,19,13,1
4,5,47,1,48,3,15,19,13,1
5,5,47,1,49,2,18,18,7,0
6,5,47,1,50,3,23,19,25,0
7,5,47,1,51,2,26,18,11,0
8,5,47,1,52,1,29,17,13,1
9,5,47,1,53,3,35,19,12,1
10,5,47,1,54,2,38,18,11,0
11,5,47,1,55,3,43,19,12,1
1,1,48,1,1,1,1,1,35,1
2,1,48,1,2,2,6,2,9,0
3,1,48,1,3,2,10,2,10,0
4,1,48,1,4,2,14,2,14,0
5,1,48,1,5,3,19,3,12,1
6,1,48,1,6,3,23,3,15,1
7,1,48,1,7,3,27,3,24,1
8,1,48,1,8,2,30,2,9,0
9,1,48,1,9,1,33,1,9,1
10,1,48,1,10,3,39,3,20,1
11,1,48,1,11,2,42,2,10,1
1,2,48,1,12,3,3,7,22,1
2,2,48,1,13,3,7,7,13,1
3,2,48,1,14,3,11,7,6,1
4,2,48,1,15,3,15,7,10,1
5,2,48,1,16,2,18,6,15,0
6,2,48,1,17,3,23,7,14,1
7,2,48,1,18,3,27,7,10,1
8,2,48,1,19,2,30,6,7,0
9,2,48,1,20,3,35,7,12,1
10,2,48,1,21,4,40,8,9,1
11,2,48,1,22,4,44,8,14,1
1,3,48,1,23,2,2,10,16,0
2,3,48,1,24,3,7,11,10,1
3,3,48,1,25,2,10,10,20,0
4,3,48,1,26,3,15,11,11,1
5,3,48,1,27,2,18,10,10,0
6,3,48,1,28,2,22,10,6,0
7,3,48,1,29,3,27,11,11,1
8,3,48,1,30,3,31,11,15,1
9,3,48,1,31,4,36,12,18,1
10,3,48,1,32,2,38,10,4,0
11,3,48,1,33,4,44,12,8,1
1,4,48,1,34,3,3,15,10,1
2,4,48,1,35,3,7,15,4,0
3,4,48,1,36,4,12,16,12,1
4,4,48,1,37,2,14,14,23,0
5,4,48,1,38,3,19,15,10,1
6,4,48,1,39,3,23,15,7,1
7,4,48,1,40,2,26,14,18,0
8,4,48,1,41,2,30,14,22,0
9,4,48,1,42,3,35,15,6,1
10,4,48,1,43,2,38,14,10,0
11,4,48,1,44,3,43,15,49,1
1,5,48,1,45,3,3,19,24,1
2,5,48,1,46,3,7,19,12,0
3,5,48,1,47,3,11,19,13,1
4,5,48,1,48,1,13,17,6,0
5,5,48,1,49,4,20,20,16,1
6,5,48,1,50,2,22,18,10,0
7,5,48,1,51,3,27,19,10,1
8,5,48,1,52,3,31,19,13,1
9,5,48,1,53,3,35,19,23,1
10,5,48,1,54,3,39,19,7,0
11,5,48,1,55,4,44,20,22,1
1,1,49,1,1,2,2,2,27,0
2,1,49,1,2,2,6,2,6,0
3,1,49,1,3,1,9,1,36,1
4,1,49,1,4,2,14,2,32,0
5,1,49,1,5,2,18,2,12,0
6,1,49,1,6,1,21,1,15,1
7,1,49,1,7,3,27,3,4,1
8,1,49,1,8,3,31,3,12,1
9,1,49,1,9,3,35,3,9,1
10,1,49,1,10,3,39,3,8,1
11,1,49,1,11,3,43,3,6,1
1,2,49,1,12,3,3,7,25,1
2,2,49,1,13,2,6,6,10,0
3,2,49,1,14,1,9,5,12,1
4,2,49,1,15,3,15,7,18,1
5,2,49,1,16,1,17,5,11,1
6,2,49,1,17,4,24,8,6,1
7,2,49,1,18,2,26,6,22,0
8,2,49,1,19,4,32,8,10,1
9,2,49,1,20,2,34,6,5,0
10,2,49,1,21,2,38,6,19,0
11,2,49,1,22,2,42,6,11,0
1,3,49,1,23,3,3,11,15,1
2,3,49,1,24,4,8,12,43,1
3,3,49,1,25,2,10,10,18,0
4,3,49,1,26,2,14,10,4,0
5,3,49,1,27,2,18,10,19,0
6,3,49,1,28,1,21,9,11,1
7,3,49,1,29,4,28,12,22,1
8,3,49,1,30,2,30,10,12,1
9,3,49,1,31,2,34,10,8,1
10,3,49,1,32,2,38,10,13,0
11,3,49,1,33,2,42,10,9,0
1,4,49,1,34,2,2,14,10,0
2,4,49,1,35,2,6,14,13,0
3,4,49,1,36,2,10,14,5,0
4,4,49,1,37,4,16,16,6,0
5,4,49,1,38,4,20,16,7,1
6,4,49,1,39,3,23,15,4,1
7,4,49,1,40,3,27,15,18,1
8,4,49,1,41,4,32,16,13,1
9,4,49,1,42,3,35,15,8,1
10,4,49,1,43,2,38,14,20,0
11,4,49,1,44,2,42,14,5,0
1,5,49,1,45,3,3,19,17,0
2,5,49,1,46,2,6,18,13,0
3,5,49,1,47,2,10,18,13,0
4,5,49,1,48,2,14,18,8,0
5,5,49,1,49,2,18,18,17,0
6,5,49,1,50,3,23,19,17,1
7,5,49,1,51,2,26,18,16,0
8,5,49,1,52,3,31,19,6,1
9,5,49,1,53,3,35,19,13,1
10,5,49,1,54,3,39,19,8,1
11,5,49,1,55,3,43,19,7,1
1,1,50,1,1,2,2,2,14,0
2,1,50,1,2,2,6,2,12,0
3,1,50,1,3,4,12,4,13,1
4,1,50,1,4,4,16,4,10,0
5,1,50,1,5,2,18,2,20,0
6,1,50,1,6,3,23,3,6,1
7,1,50,1,7,2,26,2,15,0
8,1,50,1,8,3,31,3,10,1
9,1,50,1,9,3,35,3,12,1
10,1,50,1,10,3,39,3,10,1
11,1,50,1,11,2,42,2,5,0
1,2,50,1,12,2,2,6,12,0
2,2,50,1,13,1,5,5,16,1
3,2,50,1,14,2,10,6,13,0
4,2,50,1,15,3,15,7,19,1
5,2,50,1,16,2,18,6,11,0
6,2,50,1,17,2,22,6,18,0
7,2,50,1,18,3,27,7,6,1
8,2,50,1,19,3,31,7,8,1
9,2,50,1,20,2,34,6,5,0
10,2,50,1,21,2,38,6,8,0
11,2,50,1,22,3,43,7,7,1
1,3,50,1,23,3,3,11,20,0
2,3,50,1,24,4,8,12,9,1
3,3,50,1,25,2,10,10,10,0
4,3,50,1,26,1,13,9,7,1
5,3,50,1,27,3,19,11,10,1
6,3,50,1,28,1,21,9,11,1
7,3,50,1,29,1,25,9,19,1
8,3,50,1,30,4,32,12,7,1
9,3,50,1,31,1,33,9,10,1
10,3,50,1,32,3,39,11,12,1
11,3,50,1,33,3,43,11,26,1
1,4,50,1,34,3,3,15,7,1
2,4,50,1,35,2,6,14,8,0
3,4,50,1,36,2,10,14,4,0
4,4,50,1,37,3,15,15,9,1
5,4,50,1,38,2,18,14,23,0
6,4,50,1,39,3,23,15,13,0
7,4,50,1,40,1,25,13,7,1
8,4,50,1,41,2,30,14,14,0
9,4,50,1,42,2,34,14,12,1
10,4,50,1,43,3,39,15,16,1
11,4,50,1,44,3,43,15,8,1
1,5,50,1,45,4,4,20,6,0
2,5,50,1,46,3,7,19,4,0
3,5,50,1,47,3,11,19,8,1
4,5,50,1,48,1,13,17,28,1
5,5,50,1,49,3,19,19,10,1
6,5,50,1,50,3,23,19,10,1
7,5,50,1,51,2,26,18,30,0
8,5,50,1,52,3,31,19,18,1
9,5,50,1,53,3,35,19,16,1
10,5,50,1,54,4,40,20,11,1
11,5,50,1,55,2,42,18,10,0
