"prov","year","id","ypa","sia.a","sr.a","st.a","ad","pa","xa.sim"
1,1,1,1,2,2,2,3,1,0
2,1,1,2,3,7,3,6,1,1
3,1,1,3,2,10,2,9,1,1
4,1,1,4,2,14,2,9,1,1
5,1,1,5,2,18,2,12,1,1
6,1,1,6,2,22,2,10,1,1
7,1,1,7,1,25,1,19,1,1
8,1,1,8,2,30,2,21,1,1
9,1,1,9,3,35,3,8,1,1
10,1,1,10,1,37,1,9,1,1
11,1,1,11,2,42,2,18,1,1
1,2,1,12,4,4,8,35,1,1
2,2,1,13,3,7,7,5,1,1
3,2,1,14,4,12,8,12,1,1
4,2,1,15,3,15,7,8,1,1
5,2,1,16,2,18,6,11,1,1
6,2,1,17,3,23,7,15,1,1
7,2,1,18,1,25,5,11,1,1
8,2,1,19,2,30,6,10,1,1
9,2,1,20,1,33,5,6,1,1
10,2,1,21,2,38,6,12,1,1
11,2,1,22,2,42,6,19,1,1
1,3,1,23,3,3,11,4,1,1
2,3,1,24,3,7,11,7,1,1
3,3,1,25,2,10,10,16,1,1
4,3,1,26,3,15,11,11,1,1
5,3,1,27,3,19,11,16,1,1
6,3,1,28,2,22,10,8,1,1
7,3,1,29,3,27,11,12,1,1
8,3,1,30,3,31,11,5,1,1
9,3,1,31,2,34,10,16,1,1
10,3,1,32,2,38,10,9,1,1
11,3,1,33,3,43,11,9,1,1
1,4,1,34,3,3,15,9,1,0
2,4,1,35,3,7,15,16,1,1
3,4,1,36,4,12,16,9,1,0
4,4,1,37,2,14,14,8,1,0
5,4,1,38,3,19,15,13,1,1
6,4,1,39,2,22,14,21,1,1
7,4,1,40,4,28,16,36,1,1
8,4,1,41,2,30,14,6,1,1
9,4,1,42,3,35,15,7,1,1
10,4,1,43,4,40,16,10,1,1
11,4,1,44,4,44,16,11,1,1
1,5,1,45,2,2,18,16,1,1
2,5,1,46,3,7,19,12,1,0
3,5,1,47,3,11,19,16,1,1
4,5,1,48,2,14,18,5,1,1
5,5,1,49,1,17,17,9,1,0
6,5,1,50,3,23,19,12,1,1
7,5,1,51,2,26,18,16,1,1
8,5,1,52,3,31,19,10,1,1
9,5,1,53,2,34,18,18,1,1
10,5,1,54,3,39,19,14,1,1
11,5,1,55,4,44,20,11,1,1
1,1,2,1,4,4,4,8,1,1
2,1,2,2,4,8,4,16,1,1
3,1,2,3,2,10,2,14,1,1
4,1,2,4,2,14,2,39,1,1
5,1,2,5,3,19,3,7,1,1
6,1,2,6,3,23,3,16,1,1
7,1,2,7,2,26,2,11,1,1
8,1,2,8,2,30,2,5,1,1
9,1,2,9,3,35,3,20,1,1
10,1,2,10,3,39,3,9,1,1
11,1,2,11,3,43,3,5,1,1
1,2,2,12,4,4,8,8,1,1
2,2,2,13,3,7,7,8,1,1
3,2,2,14,3,11,7,14,1,1
4,2,2,15,2,14,6,14,1,1
5,2,2,16,2,18,6,9,1,0
6,2,2,17,3,23,7,12,1,1
7,2,2,18,3,27,7,9,1,1
8,2,2,19,3,31,7,9,1,1
9,2,2,20,2,34,6,6,1,1
10,2,2,21,1,37,5,22,1,1
11,2,2,22,2,42,6,17,1,1
1,3,2,23,1,1,9,18,1,1
2,3,2,24,2,6,10,21,1,1
3,3,2,25,2,10,10,7,1,1
4,3,2,26,3,15,11,5,1,1
5,3,2,27,3,19,11,18,1,1
6,3,2,28,3,23,11,11,1,1
7,3,2,29,4,28,12,15,1,1
8,3,2,30,2,30,10,15,1,1
9,3,2,31,2,34,10,11,1,1
10,3,2,32,3,39,11,7,1,1
11,3,2,33,1,41,9,8,1,1
1,4,2,34,3,3,15,31,1,0
2,4,2,35,2,6,14,6,1,1
3,4,2,36,3,11,15,22,1,1
4,4,2,37,3,15,15,8,1,1
5,4,2,38,1,17,13,22,1,1
6,4,2,39,2,22,14,19,1,1
7,4,2,40,1,25,13,7,1,1
8,4,2,41,2,30,14,12,1,1
9,4,2,42,4,36,16,29,1,1
10,4,2,43,2,38,14,16,1,1
11,4,2,44,2,42,14,20,1,1
1,5,2,45,3,3,19,21,1,1
2,5,2,46,4,8,20,11,1,0
3,5,2,47,3,11,19,8,1,1
4,5,2,48,3,15,19,10,1,1
5,5,2,49,3,19,19,28,1,1
6,5,2,50,1,21,17,12,1,1
7,5,2,51,3,27,19,13,1,1
8,5,2,52,1,29,17,17,1,0
9,5,2,53,1,33,17,14,1,0
10,5,2,54,2,38,18,7,1,1
11,5,2,55,4,44,20,8,1,1
1,1,3,1,2,2,2,13,1,0
2,1,3,2,1,5,1,16,1,0
3,1,3,3,2,10,2,22,1,1
4,1,3,4,2,14,2,13,1,1
5,1,3,5,1,17,1,15,1,0
6,1,3,6,2,22,2,22,1,1
7,1,3,7,3,27,3,12,1,1
8,1,3,8,2,30,2,17,1,1
9,1,3,9,3,35,3,8,1,1
10,1,3,10,2,38,2,16,1,1
11,1,3,11,3,43,3,12,1,1
1,2,3,12,3,3,7,7,1,1
2,2,3,13,3,7,7,13,1,1
3,2,3,14,1,9,5,11,1,0
4,2,3,15,3,15,7,7,1,1
5,2,3,16,2,18,6,7,1,0
6,2,3,17,3,23,7,11,1,1
7,2,3,18,3,27,7,17,1,1
8,2,3,19,3,31,7,10,1,1
9,2,3,20,4,36,8,13,1,1
10,2,3,21,2,38,6,10,1,1
11,2,3,22,2,42,6,11,1,1
1,3,3,23,2,2,10,8,1,1
2,3,3,24,1,5,9,12,1,0
3,3,3,25,1,9,9,4,1,0
4,3,3,26,1,13,9,11,1,0
5,3,3,27,2,18,10,16,1,1
6,3,3,28,2,22,10,8,1,1
7,3,3,29,2,26,10,5,1,1
8,3,3,30,2,30,10,18,1,1
9,3,3,31,2,34,10,7,1,1
10,3,3,32,3,39,11,9,1,1
11,3,3,33,4,44,12,12,1,1
1,4,3,34,3,3,15,17,1,1
2,4,3,35,2,6,14,13,1,1
3,4,3,36,1,9,13,15,1,1
4,4,3,37,2,14,14,21,1,1
5,4,3,38,2,18,14,9,1,1
6,4,3,39,4,24,16,9,1,0
7,4,3,40,2,26,14,38,1,1
8,4,3,41,3,31,15,16,1,1
9,4,3,42,2,34,14,12,1,1
10,4,3,43,2,38,14,10,1,1
11,4,3,44,3,43,15,20,1,1
1,5,3,45,2,2,18,29,1,0
2,5,3,46,2,6,18,32,1,1
3,5,3,47,2,10,18,7,1,0
4,5,3,48,4,16,20,30,1,1
5,5,3,49,3,19,19,10,1,1
6,5,3,50,2,22,18,14,1,1
7,5,3,51,2,26,18,19,1,1
8,5,3,52,3,31,19,13,1,1
9,5,3,53,4,36,20,20,1,1
10,5,3,54,2,38,18,11,1,1
11,5,3,55,4,44,20,20,1,1
1,1,4,1,3,3,3,2,1,0
2,1,4,2,2,6,2,27,1,1
3,1,4,3,1,9,1,6,1,0
4,1,4,4,2,14,2,13,1,1
5,1,4,5,3,19,3,9,1,1
6,1,4,6,3,23,3,11,1,1
7,1,4,7,1,25,1,22,1,0
8,1,4,8,2,30,2,8,1,1
9,1,4,9,2,34,2,20,1,1
10,1,4,10,2,38,2,31,1,1
11,1,4,11,1,41,1,15,1,1
1,2,4,12,2,2,6,13,1,1
2,2,4,13,2,6,6,7,1,1
3,2,4,14,2,10,6,9,1,1
4,2,4,15,2,14,6,10,1,1
5,2,4,16,2,18,6,14,1,1
6,2,4,17,2,22,6,31,1,1
7,2,4,18,1,25,5,8,1,1
8,2,4,19,2,30,6,25,1,1
9,2,4,20,3,35,7,11,1,1
10,2,4,21,2,38,6,11,1,1
11,2,4,22,3,43,7,9,1,1
1,3,4,23,1,1,9,19,1,0
2,3,4,24,3,7,11,8,1,1
3,3,4,25,2,10,10,25,1,1
4,3,4,26,2,14,10,6,1,1
5,3,4,27,1,17,9,8,1,1
6,3,4,28,3,23,11,7,1,1
7,3,4,29,2,26,10,5,1,1
8,3,4,30,2,30,10,18,1,1
9,3,4,31,3,35,11,10,1,1
10,3,4,32,3,39,11,11,1,1
11,3,4,33,4,44,12,26,1,1
1,4,4,34,3,3,15,15,1,1
2,4,4,35,2,6,14,27,1,1
3,4,4,36,4,12,16,10,1,0
4,4,4,37,3,15,15,17,1,1
5,4,4,38,3,19,15,13,1,1
6,4,4,39,3,23,15,6,1,1
7,4,4,40,3,27,15,21,1,1
8,4,4,41,2,30,14,7,1,1
9,4,4,42,4,36,16,12,1,1
10,4,4,43,2,38,14,12,1,1
11,4,4,44,3,43,15,22,1,1
1,5,4,45,2,2,18,9,1,1
2,5,4,46,3,7,19,16,1,1
3,5,4,47,3,11,19,4,1,1
4,5,4,48,2,14,18,11,1,1
5,5,4,49,3,19,19,7,1,1
6,5,4,50,3,23,19,4,1,1
7,5,4,51,3,27,19,31,1,1
8,5,4,52,3,31,19,8,1,1
9,5,4,53,3,35,19,7,1,1
10,5,4,54,1,37,17,10,1,1
11,5,4,55,4,44,20,3,1,1
1,1,5,1,3,3,3,17,1,1
2,1,5,2,1,5,1,16,1,0
3,1,5,3,1,9,1,17,1,0
4,1,5,4,3,15,3,10,1,0
5,1,5,5,2,18,2,11,1,1
6,1,5,6,3,23,3,15,1,1
7,1,5,7,4,28,4,18,1,1
8,1,5,8,2,30,2,10,1,1
9,1,5,9,2,34,2,9,1,1
10,1,5,10,4,40,4,14,1,1
11,1,5,11,3,43,3,10,1,1
1,2,5,12,2,2,6,25,1,0
2,2,5,13,2,6,6,12,1,1
3,2,5,14,4,12,8,11,1,1
4,2,5,15,3,15,7,7,1,1
5,2,5,16,2,18,6,9,1,1
6,2,5,17,4,24,8,8,1,1
7,2,5,18,2,26,6,15,1,1
8,2,5,19,4,32,8,30,1,1
9,2,5,20,3,35,7,6,1,1
10,2,5,21,2,38,6,12,1,1
11,2,5,22,2,42,6,7,1,1
1,3,5,23,4,4,12,5,1,0
2,3,5,24,3,7,11,12,1,1
3,3,5,25,3,11,11,18,1,1
4,3,5,26,2,14,10,18,1,1
5,3,5,27,3,19,11,18,1,1
6,3,5,28,3,23,11,10,1,1
7,3,5,29,2,26,10,14,1,1
8,3,5,30,3,31,11,24,1,1
9,3,5,31,3,35,11,6,1,1
10,3,5,32,2,38,10,20,1,1
11,3,5,33,3,43,11,17,1,1
1,4,5,34,2,2,14,9,1,1
2,4,5,35,4,8,16,8,1,1
3,4,5,36,4,12,16,10,1,1
4,4,5,37,1,13,13,12,1,0
5,4,5,38,3,19,15,15,1,1
6,4,5,39,2,22,14,30,1,1
7,4,5,40,1,25,13,24,1,1
8,4,5,41,4,32,16,25,1,1
9,4,5,42,3,35,15,18,1,1
10,4,5,43,3,39,15,15,1,1
11,4,5,44,2,42,14,17,1,1
1,5,5,45,1,1,17,13,1,0
2,5,5,46,4,8,20,12,1,0
3,5,5,47,3,11,19,12,1,1
4,5,5,48,3,15,19,13,1,1
5,5,5,49,3,19,19,14,1,1
6,5,5,50,1,21,17,10,1,0
7,5,5,51,2,26,18,34,1,1
8,5,5,52,1,29,17,22,1,1
9,5,5,53,3,35,19,11,1,1
10,5,5,54,2,38,18,8,1,1
11,5,5,55,2,42,18,36,1,1
1,1,6,1,3,3,3,6,1,1
2,1,6,2,2,6,2,13,1,1
3,1,6,3,1,9,1,28,1,1
4,1,6,4,3,15,3,18,1,1
5,1,6,5,3,19,3,14,1,1
6,1,6,6,3,23,3,19,1,1
7,1,6,7,2,26,2,11,1,1
8,1,6,8,2,30,2,14,1,1
9,1,6,9,2,34,2,20,1,1
10,1,6,10,2,38,2,33,1,1
11,1,6,11,3,43,3,19,1,1
1,2,6,12,3,3,7,17,1,1
2,2,6,13,3,7,7,26,1,1
3,2,6,14,2,10,6,15,1,0
4,2,6,15,1,13,5,16,1,0
5,2,6,16,3,19,7,12,1,1
6,2,6,17,3,23,7,11,1,1
7,2,6,18,3,27,7,9,1,1
8,2,6,19,3,31,7,4,1,1
9,2,6,20,1,33,5,28,1,1
10,2,6,21,2,38,6,14,1,1
11,2,6,22,3,43,7,48,1,1
1,3,6,23,2,2,10,12,1,1
2,3,6,24,4,8,12,6,1,1
3,3,6,25,2,10,10,10,1,1
4,3,6,26,4,16,12,14,1,1
5,3,6,27,2,18,10,7,1,1
6,3,6,28,3,23,11,7,1,1
7,3,6,29,2,26,10,19,1,1
8,3,6,30,1,29,9,18,1,1
9,3,6,31,3,35,11,10,1,1
10,3,6,32,2,38,10,15,1,1
11,3,6,33,2,42,10,7,1,1
1,4,6,34,2,2,14,67,1,1
2,4,6,35,4,8,16,17,1,1
3,4,6,36,3,11,15,13,1,1
4,4,6,37,4,16,16,6,1,1
5,4,6,38,3,19,15,16,1,1
6,4,6,39,3,23,15,31,1,1
7,4,6,40,1,25,13,10,1,1
8,4,6,41,3,31,15,27,1,1
9,4,6,42,2,34,14,14,1,1
10,4,6,43,2,38,14,6,1,1
11,4,6,44,3,43,15,15,1,1
1,5,6,45,1,1,17,6,1,0
2,5,6,46,2,6,18,11,1,0
3,5,6,47,4,12,20,10,1,0
4,5,6,48,3,15,19,12,1,1
5,5,6,49,2,18,18,6,1,0
6,5,6,50,3,23,19,7,1,1
7,5,6,51,1,25,17,10,1,1
8,5,6,52,2,30,18,15,1,0
9,5,6,53,1,33,17,7,1,0
10,5,6,54,1,37,17,12,1,1
11,5,6,55,3,43,19,22,1,1
1,1,7,1,2,2,2,9,1,0
2,1,7,2,4,8,4,9,1,1
3,1,7,3,1,9,1,26,1,0
4,1,7,4,4,16,4,32,1,1
5,1,7,5,1,17,1,11,1,0
6,1,7,6,3,23,3,19,1,1
7,1,7,7,4,28,4,21,1,1
8,1,7,8,2,30,2,8,1,1
9,1,7,9,3,35,3,31,1,1
10,1,7,10,3,39,3,5,1,1
11,1,7,11,1,41,1,16,1,1
1,2,7,12,2,2,6,17,1,1
2,2,7,13,3,7,7,14,1,1
3,2,7,14,2,10,6,6,1,1
4,2,7,15,3,15,7,14,1,1
5,2,7,16,3,19,7,15,1,0
6,2,7,17,1,21,5,15,1,1
7,2,7,18,3,27,7,7,1,1
8,2,7,19,3,31,7,9,1,1
9,2,7,20,2,34,6,11,1,1
10,2,7,21,4,40,8,16,1,1
11,2,7,22,2,42,6,11,1,1
1,3,7,23,3,3,11,8,1,1
2,3,7,24,3,7,11,7,1,1
3,3,7,25,4,12,12,24,1,1
4,3,7,26,4,16,12,18,1,1
5,3,7,27,2,18,10,16,1,1
6,3,7,28,2,22,10,7,1,1
7,3,7,29,3,27,11,6,1,1
8,3,7,30,4,32,12,8,1,1
9,3,7,31,3,35,11,29,1,1
10,3,7,32,2,38,10,13,1,1
11,3,7,33,4,44,12,12,1,1
1,4,7,34,1,1,13,8,1,0
2,4,7,35,2,6,14,13,1,1
3,4,7,36,2,10,14,12,1,1
4,4,7,37,3,15,15,10,1,0
5,4,7,38,3,19,15,8,1,1
6,4,7,39,3,23,15,9,1,1
7,4,7,40,2,26,14,31,1,1
8,4,7,41,1,29,13,11,1,0
9,4,7,42,4,36,16,15,1,1
10,4,7,43,3,39,15,6,1,1
11,4,7,44,4,44,16,6,1,1
1,5,7,45,4,4,20,12,1,1
2,5,7,46,2,6,18,33,1,1
3,5,7,47,3,11,19,26,1,1
4,5,7,48,2,14,18,8,1,1
5,5,7,49,4,20,20,4,1,1
6,5,7,50,1,21,17,19,1,1
7,5,7,51,2,26,18,10,1,1
8,5,7,52,1,29,17,8,1,1
9,5,7,53,3,35,19,7,1,1
10,5,7,54,2,38,18,6,1,1
11,5,7,55,3,43,19,6,1,1
1,1,8,1,2,2,2,7,1,1
2,1,8,2,2,6,2,14,1,1
3,1,8,3,2,10,2,32,1,1
4,1,8,4,3,15,3,14,1,1
5,1,8,5,3,19,3,13,1,1
6,1,8,6,2,22,2,15,1,0
7,1,8,7,2,26,2,9,1,1
8,1,8,8,3,31,3,16,1,1
9,1,8,9,3,35,3,18,1,1
10,1,8,10,2,38,2,9,1,1
11,1,8,11,3,43,3,23,1,1
1,2,8,12,2,2,6,12,1,1
2,2,8,13,3,7,7,11,1,1
3,2,8,14,2,10,6,12,1,1
4,2,8,15,2,14,6,9,1,1
5,2,8,16,2,18,6,13,1,1
6,2,8,17,4,24,8,8,1,1
7,2,8,18,1,25,5,13,1,1
8,2,8,19,4,32,8,10,1,1
9,2,8,20,2,34,6,16,1,1
10,2,8,21,2,38,6,16,1,1
11,2,8,22,3,43,7,11,1,1
1,3,8,23,3,3,11,17,1,1
2,3,8,24,3,7,11,9,1,1
3,3,8,25,4,12,12,23,1,1
4,3,8,26,1,13,9,10,1,1
5,3,8,27,2,18,10,10,1,1
6,3,8,28,2,22,10,9,1,0
7,3,8,29,3,27,11,20,1,1
8,3,8,30,3,31,11,13,1,1
9,3,8,31,2,34,10,7,1,1
10,3,8,32,4,40,12,10,1,1
11,3,8,33,3,43,11,9,1,1
1,4,8,34,3,3,15,11,1,1
2,4,8,35,2,6,14,14,1,1
3,4,8,36,3,11,15,15,1,1
4,4,8,37,2,14,14,5,1,0
5,4,8,38,3,19,15,8,1,1
6,4,8,39,1,21,13,7,1,1
7,4,8,40,4,28,16,22,1,1
8,4,8,41,3,31,15,19,1,1
9,4,8,42,3,35,15,9,1,1
10,4,8,43,3,39,15,12,1,1
11,4,8,44,2,42,14,16,1,1
1,5,8,45,3,3,19,10,1,1
2,5,8,46,3,7,19,7,1,1
3,5,8,47,3,11,19,4,1,1
4,5,8,48,4,16,20,19,1,1
5,5,8,49,3,19,19,7,1,1
6,5,8,50,3,23,19,7,1,1
7,5,8,51,2,26,18,7,1,1
8,5,8,52,2,30,18,27,1,1
9,5,8,53,3,35,19,9,1,1
10,5,8,54,2,38,18,18,1,1
11,5,8,55,4,44,20,12,1,1
1,1,9,1,2,2,2,10,1,1
2,1,9,2,3,7,3,10,1,1
3,1,9,3,2,10,2,38,1,1
4,1,9,4,2,14,2,15,1,1
5,1,9,5,2,18,2,8,1,1
6,1,9,6,2,22,2,19,1,1
7,1,9,7,3,27,3,9,1,1
8,1,9,8,2,30,2,15,1,1
9,1,9,9,1,33,1,14,1,1
10,1,9,10,2,38,2,29,1,1
11,1,9,11,2,42,2,21,1,1
1,2,9,12,4,4,8,10,1,1
2,2,9,13,3,7,7,26,1,0
3,2,9,14,1,9,5,7,1,0
4,2,9,15,3,15,7,17,1,0
5,2,9,16,3,19,7,14,1,1
6,2,9,17,3,23,7,14,1,1
7,2,9,18,4,28,8,14,1,1
8,2,9,19,1,29,5,18,1,0
9,2,9,20,3,35,7,12,1,1
10,2,9,21,3,39,7,17,1,1
11,2,9,22,3,43,7,19,1,1
1,3,9,23,2,2,10,13,1,1
2,3,9,24,2,6,10,18,1,1
3,3,9,25,2,10,10,10,1,1
4,3,9,26,3,15,11,18,1,1
5,3,9,27,1,17,9,6,1,0
6,3,9,28,4,24,12,13,1,0
7,3,9,29,2,26,10,15,1,1
8,3,9,30,1,29,9,20,1,1
9,3,9,31,2,34,10,14,1,1
10,3,9,32,3,39,11,13,1,1
11,3,9,33,2,42,10,11,1,1
1,4,9,34,2,2,14,13,1,0
2,4,9,35,2,6,14,7,1,0
3,4,9,36,3,11,15,16,1,1
4,4,9,37,2,14,14,9,1,1
5,4,9,38,2,18,14,9,1,1
6,4,9,39,3,23,15,7,1,1
7,4,9,40,4,28,16,25,1,1
8,4,9,41,3,31,15,12,1,1
9,4,9,42,3,35,15,9,1,1
10,4,9,43,4,40,16,11,1,1
11,4,9,44,3,43,15,8,1,1
1,5,9,45,3,3,19,16,1,1
2,5,9,46,2,6,18,4,1,0
3,5,9,47,4,12,20,12,1,1
4,5,9,48,3,15,19,12,1,1
5,5,9,49,3,19,19,11,1,1
6,5,9,50,2,22,18,11,1,1
7,5,9,51,2,26,18,49,1,1
8,5,9,52,2,30,18,7,1,1
9,5,9,53,2,34,18,25,1,1
10,5,9,54,2,38,18,13,1,1
11,5,9,55,4,44,20,7,1,1
1,1,10,1,1,1,1,22,1,0
2,1,10,2,4,8,4,23,1,1
3,1,10,3,4,12,4,4,1,1
4,1,10,4,2,14,2,4,1,1
5,1,10,5,3,19,3,11,1,1
6,1,10,6,2,22,2,19,1,1
7,1,10,7,4,28,4,12,1,1
8,1,10,8,1,29,1,8,1,1
9,1,10,9,1,33,1,18,1,1
10,1,10,10,2,38,2,6,1,1
11,1,10,11,3,43,3,14,1,1
1,2,10,12,3,3,7,19,1,1
2,2,10,13,2,6,6,11,1,1
3,2,10,14,3,11,7,10,1,1
4,2,10,15,2,14,6,10,1,1
5,2,10,16,3,19,7,14,1,1
6,2,10,17,1,21,5,18,1,0
7,2,10,18,2,26,6,18,1,1
8,2,10,19,4,32,8,13,1,1
9,2,10,20,1,33,5,16,1,1
10,2,10,21,2,38,6,41,1,1
11,2,10,22,2,42,6,5,1,1
1,3,10,23,3,3,11,16,1,1
2,3,10,24,2,6,10,17,1,1
3,3,10,25,2,10,10,31,1,1
4,3,10,26,2,14,10,6,1,0
5,3,10,27,2,18,10,7,1,1
6,3,10,28,2,22,10,25,1,0
7,3,10,29,2,26,10,13,1,1
8,3,10,30,2,30,10,12,1,1
9,3,10,31,2,34,10,10,1,1
10,3,10,32,3,39,11,9,1,1
11,3,10,33,2,42,10,26,1,1
1,4,10,34,3,3,15,9,1,0
2,4,10,35,3,7,15,16,1,1
3,4,10,36,4,12,16,57,1,1
4,4,10,37,4,16,16,5,1,0
5,4,10,38,3,19,15,13,1,1
6,4,10,39,3,23,15,27,1,1
7,4,10,40,2,26,14,12,1,1
8,4,10,41,2,30,14,10,1,1
9,4,10,42,1,33,13,20,1,1
10,4,10,43,2,38,14,11,1,1
11,4,10,44,1,41,13,10,1,1
1,5,10,45,4,4,20,5,1,1
2,5,10,46,3,7,19,8,1,0
3,5,10,47,3,11,19,15,1,1
4,5,10,48,3,15,19,11,1,1
5,5,10,49,2,18,18,21,1,1
6,5,10,50,3,23,19,92,1,1
7,5,10,51,2,26,18,6,1,1
8,5,10,52,1,29,17,10,1,0
9,5,10,53,3,35,19,21,1,1
10,5,10,54,1,37,17,13,1,1
11,5,10,55,2,42,18,11,1,1
1,1,11,1,2,2,2,8,1,1
2,1,11,2,2,6,2,6,1,0
3,1,11,3,2,10,2,46,1,0
4,1,11,4,3,15,3,8,1,1
5,1,11,5,2,18,2,12,1,0
6,1,11,6,3,23,3,17,1,1
7,1,11,7,3,27,3,15,1,1
8,1,11,8,4,32,4,20,1,1
9,1,11,9,4,36,4,28,1,1
10,1,11,10,3,39,3,14,1,1
11,1,11,11,2,42,2,12,1,1
1,2,11,12,4,4,8,19,1,0
2,2,11,13,2,6,6,12,1,1
3,2,11,14,3,11,7,31,1,1
4,2,11,15,3,15,7,43,1,1
5,2,11,16,2,18,6,9,1,1
6,2,11,17,2,22,6,18,1,0
7,2,11,18,3,27,7,6,1,1
8,2,11,19,4,32,8,30,1,1
9,2,11,20,3,35,7,11,1,1
10,2,11,21,1,37,5,14,1,1
11,2,11,22,3,43,7,14,1,1
1,3,11,23,2,2,10,10,1,1
2,3,11,24,2,6,10,23,1,1
3,3,11,25,2,10,10,5,1,1
4,3,11,26,3,15,11,6,1,1
5,3,11,27,1,17,9,9,1,1
6,3,11,28,2,22,10,33,1,1
7,3,11,29,4,28,12,21,1,1
8,3,11,30,2,30,10,8,1,1
9,3,11,31,2,34,10,18,1,1
10,3,11,32,2,38,10,5,1,1
11,3,11,33,2,42,10,7,1,1
1,4,11,34,3,3,15,22,1,1
2,4,11,35,3,7,15,14,1,1
3,4,11,36,2,10,14,10,1,1
4,4,11,37,3,15,15,12,1,1
5,4,11,38,3,19,15,35,1,1
6,4,11,39,2,22,14,10,1,1
7,4,11,40,3,27,15,11,1,1
8,4,11,41,3,31,15,20,1,1
9,4,11,42,3,35,15,5,1,1
10,4,11,43,2,38,14,13,1,1
11,4,11,44,3,43,15,20,1,1
1,5,11,45,1,1,17,7,1,0
2,5,11,46,1,5,17,14,1,0
3,5,11,47,3,11,19,19,1,0
4,5,11,48,2,14,18,21,1,1
5,5,11,49,4,20,20,13,1,1
6,5,11,50,2,22,18,5,1,1
7,5,11,51,4,28,20,5,1,0
8,5,11,52,2,30,18,12,1,1
9,5,11,53,1,33,17,23,1,1
10,5,11,54,4,40,20,9,1,1
11,5,11,55,3,43,19,8,1,1
1,1,12,1,4,4,4,7,1,1
2,1,12,2,4,8,4,8,1,1
3,1,12,3,2,10,2,16,1,1
4,1,12,4,3,15,3,19,1,1
5,1,12,5,3,19,3,10,1,1
6,1,12,6,3,23,3,4,1,1
7,1,12,7,4,28,4,20,1,1
8,1,12,8,3,31,3,8,1,1
9,1,12,9,3,35,3,15,1,1
10,1,12,10,3,39,3,11,1,1
11,1,12,11,4,44,4,4,1,1
1,2,12,12,2,2,6,11,1,1
2,2,12,13,3,7,7,6,1,1
3,2,12,14,4,12,8,12,1,1
4,2,12,15,2,14,6,6,1,1
5,2,12,16,3,19,7,14,1,1
6,2,12,17,3,23,7,5,1,1
7,2,12,18,2,26,6,6,1,1
8,2,12,19,2,30,6,9,1,1
9,2,12,20,3,35,7,6,1,1
10,2,12,21,1,37,5,10,1,1
11,2,12,22,1,41,5,13,1,1
1,3,12,23,3,3,11,9,1,1
2,3,12,24,4,8,12,8,1,1
3,3,12,25,1,9,9,40,1,0
4,3,12,26,3,15,11,15,1,1
5,3,12,27,2,18,10,6,1,1
6,3,12,28,4,24,12,9,1,1
7,3,12,29,3,27,11,6,1,1
8,3,12,30,2,30,10,16,1,1
9,3,12,31,3,35,11,17,1,1
10,3,12,32,4,40,12,14,1,1
11,3,12,33,3,43,11,10,1,1
1,4,12,34,2,2,14,9,1,0
2,4,12,35,2,6,14,11,1,1
3,4,12,36,3,11,15,29,1,1
4,4,12,37,2,14,14,13,1,1
5,4,12,38,3,19,15,16,1,1
6,4,12,39,3,23,15,21,1,1
7,4,12,40,2,26,14,10,1,1
8,4,12,41,2,30,14,7,1,0
9,4,12,42,3,35,15,37,1,1
10,4,12,43,2,38,14,8,1,0
11,4,12,44,2,42,14,8,1,1
1,5,12,45,4,4,20,6,1,0
2,5,12,46,3,7,19,6,1,1
3,5,12,47,2,10,18,8,1,0
4,5,12,48,3,15,19,7,1,1
5,5,12,49,3,19,19,14,1,1
6,5,12,50,4,24,20,15,1,1
7,5,12,51,3,27,19,23,1,1
8,5,12,52,3,31,19,7,1,1
9,5,12,53,2,34,18,6,1,1
10,5,12,54,2,38,18,10,1,1
11,5,12,55,3,43,19,15,1,1
1,1,13,1,2,2,2,6,1,1
2,1,13,2,2,6,2,24,1,1
3,1,13,3,3,11,3,10,1,1
4,1,13,4,1,13,1,13,1,1
5,1,13,5,2,18,2,22,1,1
6,1,13,6,2,22,2,20,1,1
7,1,13,7,3,27,3,20,1,1
8,1,13,8,2,30,2,9,1,1
9,1,13,9,3,35,3,6,1,1
10,1,13,10,3,39,3,10,1,1
11,1,13,11,3,43,3,9,1,1
1,2,13,12,1,1,5,13,1,0
2,2,13,13,1,5,5,20,1,0
3,2,13,14,2,10,6,9,1,0
4,2,13,15,4,16,8,13,1,1
5,2,13,16,4,20,8,25,1,1
6,2,13,17,2,22,6,12,1,1
7,2,13,18,2,26,6,42,1,1
8,2,13,19,4,32,8,25,1,1
9,2,13,20,3,35,7,6,1,1
10,2,13,21,4,40,8,5,1,1
11,2,13,22,2,42,6,8,1,1
1,3,13,23,3,3,11,16,1,0
2,3,13,24,3,7,11,7,1,1
3,3,13,25,2,10,10,5,1,0
4,3,13,26,2,14,10,17,1,0
5,3,13,27,4,20,12,17,1,1
6,3,13,28,1,21,9,11,1,1
7,3,13,29,2,26,10,10,1,1
8,3,13,30,2,30,10,7,1,1
9,3,13,31,2,34,10,9,1,1
10,3,13,32,2,38,10,11,1,1
11,3,13,33,1,41,9,16,1,0
1,4,13,34,3,3,15,9,1,1
2,4,13,35,3,7,15,14,1,1
3,4,13,36,4,12,16,11,1,1
4,4,13,37,2,14,14,16,1,1
5,4,13,38,3,19,15,11,1,1
6,4,13,39,1,21,13,11,1,0
7,4,13,40,3,27,15,4,1,1
8,4,13,41,3,31,15,9,1,1
9,4,13,42,2,34,14,20,1,1
10,4,13,43,4,40,16,8,1,1
11,4,13,44,2,42,14,14,1,1
1,5,13,45,4,4,20,12,1,1
2,5,13,46,2,6,18,6,1,0
3,5,13,47,4,12,20,9,1,1
4,5,13,48,4,16,20,8,1,1
5,5,13,49,2,18,18,15,1,1
6,5,13,50,2,22,18,14,1,1
7,5,13,51,1,25,17,13,1,1
8,5,13,52,3,31,19,10,1,1
9,5,13,53,2,34,18,7,1,1
10,5,13,54,4,40,20,9,1,1
11,5,13,55,3,43,19,6,1,1
1,1,14,1,3,3,3,41,1,1
2,1,14,2,2,6,2,4,1,1
3,1,14,3,3,11,3,8,1,1
4,1,14,4,3,15,3,6,1,1
5,1,14,5,1,17,1,12,1,1
6,1,14,6,3,23,3,6,1,1
7,1,14,7,2,26,2,6,1,1
8,1,14,8,2,30,2,10,1,1
9,1,14,9,3,35,3,19,1,1
10,1,14,10,3,39,3,14,1,1
11,1,14,11,2,42,2,20,1,1
1,2,14,12,4,4,8,10,1,1
2,2,14,13,4,8,8,22,1,1
3,2,14,14,3,11,7,6,1,1
4,2,14,15,3,15,7,14,1,1
5,2,14,16,2,18,6,10,1,1
6,2,14,17,3,23,7,24,1,1
7,2,14,18,2,26,6,4,1,1
8,2,14,19,1,29,5,11,1,1
9,2,14,20,3,35,7,14,1,0
10,2,14,21,3,39,7,15,1,1
11,2,14,22,2,42,6,12,1,1
1,3,14,23,3,3,11,34,1,1
2,3,14,24,2,6,10,11,1,1
3,3,14,25,3,11,11,7,1,0
4,3,14,26,1,13,9,7,1,0
5,3,14,27,2,18,10,8,1,1
6,3,14,28,3,23,11,10,1,1
7,3,14,29,4,28,12,26,1,1
8,3,14,30,4,32,12,9,1,1
9,3,14,31,2,34,10,10,1,0
10,3,14,32,1,37,9,7,1,1
11,3,14,33,3,43,11,6,1,1
1,4,14,34,1,1,13,32,1,1
2,4,14,35,3,7,15,8,1,1
3,4,14,36,2,10,14,20,1,1
4,4,14,37,2,14,14,15,1,1
5,4,14,38,2,18,14,7,1,1
6,4,14,39,1,21,13,8,1,0
7,4,14,40,3,27,15,22,1,1
8,4,14,41,2,30,14,27,1,1
9,4,14,42,2,34,14,8,1,1
10,4,14,43,3,39,15,10,1,1
11,4,14,44,3,43,15,26,1,1
1,5,14,45,2,2,18,26,1,1
2,5,14,46,3,7,19,4,1,0
3,5,14,47,2,10,18,9,1,0
4,5,14,48,3,15,19,5,1,1
5,5,14,49,3,19,19,9,1,1
6,5,14,50,3,23,19,10,1,1
7,5,14,51,3,27,19,11,1,1
8,5,14,52,2,30,18,28,1,1
9,5,14,53,3,35,19,5,1,1
10,5,14,54,4,40,20,7,1,1
11,5,14,55,3,43,19,6,1,1
1,1,15,1,4,4,4,6,1,0
2,1,15,2,3,7,3,7,1,0
3,1,15,3,2,10,2,26,1,1
4,1,15,4,2,14,2,17,1,1
5,1,15,5,1,17,1,16,1,1
6,1,15,6,3,23,3,4,1,1
7,1,15,7,3,27,3,17,1,1
8,1,15,8,3,31,3,8,1,1
9,1,15,9,4,36,4,13,1,1
10,1,15,10,2,38,2,13,1,1
11,1,15,11,3,43,3,12,1,1
1,2,15,12,2,2,6,25,1,1
2,2,15,13,2,6,6,6,1,1
3,2,15,14,3,11,7,11,1,1
4,2,15,15,2,14,6,35,1,1
5,2,15,16,1,17,5,6,1,0
6,2,15,17,4,24,8,3,1,1
7,2,15,18,2,26,6,21,1,1
8,2,15,19,3,31,7,29,1,1
9,2,15,20,2,34,6,8,1,1
10,2,15,21,3,39,7,19,1,1
11,2,15,22,2,42,6,7,1,1
1,3,15,23,3,3,11,22,1,1
2,3,15,24,2,6,10,16,1,1
3,3,15,25,3,11,11,5,1,1
4,3,15,26,2,14,10,10,1,1
5,3,15,27,3,19,11,22,1,1
6,3,15,28,3,23,11,17,1,1
7,3,15,29,1,25,9,19,1,0
8,3,15,30,3,31,11,10,1,1
9,3,15,31,3,35,11,28,1,1
10,3,15,32,3,39,11,12,1,1
11,3,15,33,2,42,10,11,1,1
1,4,15,34,3,3,15,30,1,1
2,4,15,35,1,5,13,10,1,0
3,4,15,36,4,12,16,39,1,1
4,4,15,37,3,15,15,10,1,1
5,4,15,38,3,19,15,9,1,1
6,4,15,39,3,23,15,12,1,1
7,4,15,40,3,27,15,8,1,1
8,4,15,41,3,31,15,8,1,1
9,4,15,42,4,36,16,9,1,1
10,4,15,43,4,40,16,6,1,1
11,4,15,44,3,43,15,11,1,1
1,5,15,45,4,4,20,8,1,1
2,5,15,46,2,6,18,9,1,0
3,5,15,47,2,10,18,10,1,0
4,5,15,48,2,14,18,8,1,1
5,5,15,49,3,19,19,18,1,1
6,5,15,50,3,23,19,10,1,1
7,5,15,51,3,27,19,11,1,1
8,5,15,52,3,31,19,12,1,1
9,5,15,53,2,34,18,6,1,1
10,5,15,54,2,38,18,12,1,1
11,5,15,55,3,43,19,18,1,1
1,1,16,1,2,2,2,16,1,1
2,1,16,2,3,7,3,17,1,1
3,1,16,3,4,12,4,18,1,1
4,1,16,4,3,15,3,6,1,1
5,1,16,5,2,18,2,31,1,1
6,1,16,6,3,23,3,15,1,1
7,1,16,7,2,26,2,10,1,1
8,1,16,8,3,31,3,11,1,1
9,1,16,9,2,34,2,11,1,1
10,1,16,10,2,38,2,3,1,1
11,1,16,11,1,41,1,14,1,1
1,2,16,12,3,3,7,9,1,0
2,2,16,13,3,7,7,27,1,0
3,2,16,14,2,10,6,18,1,1
4,2,16,15,3,15,7,21,1,1
5,2,16,16,3,19,7,8,1,1
6,2,16,17,3,23,7,12,1,1
7,2,16,18,2,26,6,16,1,1
8,2,16,19,4,32,8,8,1,1
9,2,16,20,3,35,7,30,1,1
10,2,16,21,1,37,5,8,1,1
11,2,16,22,1,41,5,5,1,1
1,3,16,23,1,1,9,7,1,0
2,3,16,24,3,7,11,11,1,1
3,3,16,25,2,10,10,9,1,0
4,3,16,26,3,15,11,39,1,1
5,3,16,27,2,18,10,13,1,1
6,3,16,28,2,22,10,7,1,1
7,3,16,29,2,26,10,20,1,1
8,3,16,30,4,32,12,21,1,1
9,3,16,31,2,34,10,38,1,1
10,3,16,32,2,38,10,4,1,0
11,3,16,33,3,43,11,10,1,1
1,4,16,34,3,3,15,9,1,0
2,4,16,35,3,7,15,11,1,1
3,4,16,36,4,12,16,9,1,1
4,4,16,37,3,15,15,6,1,1
5,4,16,38,4,20,16,13,1,1
6,4,16,39,3,23,15,5,1,1
7,4,16,40,1,25,13,7,1,1
8,4,16,41,3,31,15,18,1,1
9,4,16,42,3,35,15,11,1,1
10,4,16,43,2,38,14,14,1,1
11,4,16,44,3,43,15,24,1,1
1,5,16,45,2,2,18,9,1,0
2,5,16,46,3,7,19,20,1,1
3,5,16,47,3,11,19,15,1,1
4,5,16,48,4,16,20,14,1,1
5,5,16,49,3,19,19,13,1,1
6,5,16,50,2,22,18,10,1,1
7,5,16,51,1,25,17,10,1,1
8,5,16,52,3,31,19,13,1,1
9,5,16,53,4,36,20,15,1,1
10,5,16,54,3,39,19,13,1,1
11,5,16,55,2,42,18,28,1,1
1,1,17,1,2,2,2,21,1,1
2,1,17,2,3,7,3,10,1,1
3,1,17,3,2,10,2,7,1,0
4,1,17,4,3,15,3,12,1,1
5,1,17,5,1,17,1,15,1,0
6,1,17,6,2,22,2,13,1,1
7,1,17,7,3,27,3,25,1,1
8,1,17,8,3,31,3,7,1,1
9,1,17,9,3,35,3,7,1,1
10,1,17,10,3,39,3,18,1,1
11,1,17,11,3,43,3,9,1,1
1,2,17,12,3,3,7,17,1,1
2,2,17,13,3,7,7,10,1,1
3,2,17,14,2,10,6,15,1,1
4,2,17,15,2,14,6,10,1,1
5,2,17,16,1,17,5,16,1,0
6,2,17,17,3,23,7,10,1,1
7,2,17,18,4,28,8,8,1,1
8,2,17,19,3,31,7,28,1,1
9,2,17,20,4,36,8,10,1,1
10,2,17,21,3,39,7,7,1,1
11,2,17,22,2,42,6,4,1,1
1,3,17,23,4,4,12,10,1,1
2,3,17,24,4,8,12,11,1,1
3,3,17,25,3,11,11,22,1,1
4,3,17,26,3,15,11,14,1,0
5,3,17,27,3,19,11,15,1,1
6,3,17,28,4,24,12,25,1,1
7,3,17,29,3,27,11,10,1,1
8,3,17,30,2,30,10,20,1,1
9,3,17,31,2,34,10,17,1,1
10,3,17,32,2,38,10,4,1,1
11,3,17,33,4,44,12,6,1,1
1,4,17,34,3,3,15,7,1,1
2,4,17,35,2,6,14,15,1,1
3,4,17,36,3,11,15,12,1,1
4,4,17,37,3,15,15,13,1,1
5,4,17,38,3,19,15,19,1,1
6,4,17,39,3,23,15,14,1,1
7,4,17,40,3,27,15,14,1,1
8,4,17,41,4,32,16,8,1,1
9,4,17,42,2,34,14,18,1,1
10,4,17,43,3,39,15,17,1,1
11,4,17,44,4,44,16,11,1,1
1,5,17,45,3,3,19,12,1,1
2,5,17,46,2,6,18,27,1,1
3,5,17,47,2,10,18,20,1,0
4,5,17,48,3,15,19,28,1,1
5,5,17,49,1,17,17,9,1,1
6,5,17,50,4,24,20,8,1,1
7,5,17,51,3,27,19,14,1,1
8,5,17,52,1,29,17,7,1,0
9,5,17,53,2,34,18,8,1,1
10,5,17,54,3,39,19,6,1,1
11,5,17,55,1,41,17,12,1,0
1,1,18,1,2,2,2,5,1,1
2,1,18,2,1,5,1,9,1,0
3,1,18,3,3,11,3,11,1,1
4,1,18,4,2,14,2,17,1,1
5,1,18,5,3,19,3,16,1,1
6,1,18,6,3,23,3,11,1,1
7,1,18,7,3,27,3,22,1,1
8,1,18,8,2,30,2,15,1,1
9,1,18,9,4,36,4,17,1,1
10,1,18,10,2,38,2,11,1,1
11,1,18,11,4,44,4,17,1,1
1,2,18,12,1,1,5,6,1,0
2,2,18,13,3,7,7,11,1,1
3,2,18,14,3,11,7,27,1,1
4,2,18,15,3,15,7,10,1,1
5,2,18,16,2,18,6,17,1,0
6,2,18,17,3,23,7,18,1,1
7,2,18,18,2,26,6,10,1,1
8,2,18,19,3,31,7,30,1,1
9,2,18,20,3,35,7,15,1,1
10,2,18,21,3,39,7,10,1,1
11,2,18,22,4,44,8,15,1,1
1,3,18,23,3,3,11,27,1,1
2,3,18,24,4,8,12,12,1,1
3,3,18,25,3,11,11,8,1,0
4,3,18,26,3,15,11,15,1,1
5,3,18,27,2,18,10,9,1,1
6,3,18,28,3,23,11,12,1,1
7,3,18,29,3,27,11,14,1,1
8,3,18,30,2,30,10,16,1,0
9,3,18,31,1,33,9,13,1,1
10,3,18,32,2,38,10,11,1,1
11,3,18,33,1,41,9,8,1,1
1,4,18,34,2,2,14,8,1,0
2,4,18,35,3,7,15,18,1,1
3,4,18,36,3,11,15,8,1,1
4,4,18,37,2,14,14,15,1,1
5,4,18,38,1,17,13,21,1,1
6,4,18,39,2,22,14,6,1,0
7,4,18,40,3,27,15,21,1,1
8,4,18,41,4,32,16,22,1,1
9,4,18,42,4,36,16,15,1,1
10,4,18,43,2,38,14,13,1,0
11,4,18,44,3,43,15,10,1,1
1,5,18,45,3,3,19,14,1,1
2,5,18,46,1,5,17,23,1,0
3,5,18,47,2,10,18,11,1,1
4,5,18,48,4,16,20,10,1,1
5,5,18,49,3,19,19,24,1,1
6,5,18,50,4,24,20,10,1,1
7,5,18,51,2,26,18,12,1,1
8,5,18,52,2,30,18,9,1,1
9,5,18,53,2,34,18,12,1,1
10,5,18,54,2,38,18,11,1,1
11,5,18,55,2,42,18,15,1,1
1,1,19,1,3,3,3,8,1,1
2,1,19,2,3,7,3,7,1,1
3,1,19,3,3,11,3,20,1,1
4,1,19,4,2,14,2,7,1,1
5,1,19,5,2,18,2,9,1,1
6,1,19,6,2,22,2,6,1,1
7,1,19,7,1,25,1,24,1,1
8,1,19,8,3,31,3,6,1,1
9,1,19,9,2,34,2,5,1,1
10,1,19,10,2,38,2,20,1,1
11,1,19,11,2,42,2,12,1,1
1,2,19,12,3,3,7,15,1,1
2,2,19,13,4,8,8,12,1,1
3,2,19,14,1,9,5,6,1,0
4,2,19,15,1,13,5,5,1,0
5,2,19,16,4,20,8,6,1,0
6,2,19,17,3,23,7,13,1,1
7,2,19,18,3,27,7,11,1,1
8,2,19,19,2,30,6,4,1,1
9,2,19,20,4,36,8,9,1,1
10,2,19,21,3,39,7,19,1,1
11,2,19,22,4,44,8,23,1,1
1,3,19,23,1,1,9,12,1,0
2,3,19,24,1,5,9,20,1,0
3,3,19,25,2,10,10,12,1,1
4,3,19,26,2,14,10,10,1,1
5,3,19,27,3,19,11,11,1,1
6,3,19,28,1,21,9,12,1,0
7,3,19,29,4,28,12,11,1,1
8,3,19,30,3,31,11,6,1,1
9,3,19,31,2,34,10,38,1,1
10,3,19,32,3,39,11,11,1,1
11,3,19,33,2,42,10,18,1,0
1,4,19,34,1,1,13,13,1,0
2,4,19,35,3,7,15,8,1,1
3,4,19,36,4,12,16,18,1,1
4,4,19,37,3,15,15,4,1,0
5,4,19,38,3,19,15,12,1,1
6,4,19,39,2,22,14,19,1,1
7,4,19,40,3,27,15,10,1,1
8,4,19,41,4,32,16,28,1,1
9,4,19,42,3,35,15,13,1,1
10,4,19,43,2,38,14,6,1,1
11,4,19,44,3,43,15,12,1,1
1,5,19,45,2,2,18,16,1,0
2,5,19,46,4,8,20,9,1,1
3,5,19,47,3,11,19,16,1,1
4,5,19,48,2,14,18,6,1,1
5,5,19,49,2,18,18,8,1,1
6,5,19,50,2,22,18,4,1,1
7,5,19,51,4,28,20,6,1,1
8,5,19,52,2,30,18,9,1,1
9,5,19,53,3,35,19,6,1,1
10,5,19,54,4,40,20,6,1,1
11,5,19,55,3,43,19,13,1,1
1,1,20,1,2,2,2,16,1,1
2,1,20,2,2,6,2,14,1,1
3,1,20,3,2,10,2,9,1,1
4,1,20,4,3,15,3,17,1,1
5,1,20,5,3,19,3,7,1,1
6,1,20,6,2,22,2,15,1,1
7,1,20,7,2,26,2,11,1,0
8,1,20,8,2,30,2,12,1,1
9,1,20,9,2,34,2,5,1,1
10,1,20,10,3,39,3,13,1,1
11,1,20,11,1,41,1,12,1,1
1,2,20,12,2,2,6,15,1,1
2,2,20,13,3,7,7,12,1,1
3,2,20,14,2,10,6,11,1,1
4,2,20,15,3,15,7,6,1,1
5,2,20,16,3,19,7,7,1,1
6,2,20,17,2,22,6,14,1,1
7,2,20,18,3,27,7,11,1,1
8,2,20,19,2,30,6,13,1,1
9,2,20,20,2,34,6,7,1,1
10,2,20,21,4,40,8,5,1,1
11,2,20,22,1,41,5,7,1,1
1,3,20,23,3,3,11,16,1,1
2,3,20,24,2,6,10,7,1,1
3,3,20,25,2,10,10,28,1,1
4,3,20,26,2,14,10,3,1,1
5,3,20,27,3,19,11,10,1,0
6,3,20,28,3,23,11,22,1,1
7,3,20,29,3,27,11,12,1,1
8,3,20,30,3,31,11,11,1,1
9,3,20,31,3,35,11,8,1,1
10,3,20,32,2,38,10,9,1,1
11,3,20,33,2,42,10,13,1,1
1,4,20,34,1,1,13,10,1,0
2,4,20,35,2,6,14,10,1,1
3,4,20,36,2,10,14,13,1,1
4,4,20,37,3,15,15,10,1,1
5,4,20,38,3,19,15,9,1,1
6,4,20,39,2,22,14,21,1,1
7,4,20,40,2,26,14,5,1,1
8,4,20,41,2,30,14,9,1,1
9,4,20,42,3,35,15,18,1,1
10,4,20,43,4,40,16,13,1,1
11,4,20,44,2,42,14,9,1,1
1,5,20,45,2,2,18,20,1,1
2,5,20,46,3,7,19,12,1,1
3,5,20,47,3,11,19,12,1,1
4,5,20,48,2,14,18,19,1,1
5,5,20,49,1,17,17,8,1,0
6,5,20,50,2,22,18,18,1,1
7,5,20,51,3,27,19,18,1,1
8,5,20,52,2,30,18,13,1,1
9,5,20,53,3,35,19,7,1,1
10,5,20,54,3,39,19,9,1,1
11,5,20,55,4,44,20,7,1,1
1,1,21,1,2,2,2,7,1,1
2,1,21,2,3,7,3,16,1,1
3,1,21,3,2,10,2,15,1,1
4,1,21,4,3,15,3,5,1,1
5,1,21,5,2,18,2,8,1,1
6,1,21,6,2,22,2,18,1,1
7,1,21,7,3,27,3,13,1,1
8,1,21,8,1,29,1,13,1,1
9,1,21,9,3,35,3,9,1,1
10,1,21,10,2,38,2,10,1,1
11,1,21,11,3,43,3,14,1,1
1,2,21,12,3,3,7,15,1,1
2,2,21,13,3,7,7,8,1,1
3,2,21,14,1,9,5,9,1,0
4,2,21,15,2,14,6,13,1,1
5,2,21,16,3,19,7,20,1,1
6,2,21,17,3,23,7,35,1,1
7,2,21,18,3,27,7,20,1,1
8,2,21,19,1,29,5,21,1,1
9,2,21,20,2,34,6,9,1,1
10,2,21,21,2,38,6,10,1,1
11,2,21,22,2,42,6,9,1,1
1,3,21,23,1,1,9,8,1,0
2,3,21,24,2,6,10,16,1,1
3,3,21,25,2,10,10,26,1,1
4,3,21,26,3,15,11,7,1,1
5,3,21,27,3,19,11,4,1,1
6,3,21,28,3,23,11,12,1,1
7,3,21,29,3,27,11,29,1,1
8,3,21,30,2,30,10,14,1,1
9,3,21,31,2,34,10,16,1,1
10,3,21,32,3,39,11,17,1,1
11,3,21,33,1,41,9,11,1,1
1,4,21,34,2,2,14,12,1,1
2,4,21,35,2,6,14,6,1,0
3,4,21,36,3,11,15,8,1,1
4,4,21,37,4,16,16,8,1,1
5,4,21,38,3,19,15,14,1,1
6,4,21,39,3,23,15,3,1,1
7,4,21,40,3,27,15,8,1,1
8,4,21,41,2,30,14,11,1,1
9,4,21,42,3,35,15,7,1,1
10,4,21,43,4,40,16,12,1,1
11,4,21,44,2,42,14,18,1,1
1,5,21,45,4,4,20,11,1,0
2,5,21,46,2,6,18,10,1,1
3,5,21,47,3,11,19,9,1,0
4,5,21,48,3,15,19,9,1,1
5,5,21,49,2,18,18,7,1,1
6,5,21,50,2,22,18,15,1,1
7,5,21,51,3,27,19,4,1,1
8,5,21,52,2,30,18,35,1,1
9,5,21,53,3,35,19,19,1,1
10,5,21,54,1,37,17,14,1,1
11,5,21,55,3,43,19,17,1,1
1,1,22,1,3,3,3,10,1,0
2,1,22,2,1,5,1,10,1,1
3,1,22,3,3,11,3,14,1,1
4,1,22,4,1,13,1,7,1,1
5,1,22,5,2,18,2,20,1,1
6,1,22,6,3,23,3,21,1,1
7,1,22,7,2,26,2,3,1,1
8,1,22,8,2,30,2,17,1,1
9,1,22,9,3,35,3,37,1,1
10,1,22,10,4,40,4,11,1,1
11,1,22,11,3,43,3,14,1,1
1,2,22,12,2,2,6,12,1,0
2,2,22,13,3,7,7,9,1,1
3,2,22,14,2,10,6,9,1,1
4,2,22,15,3,15,7,18,1,1
5,2,22,16,2,18,6,13,1,1
6,2,22,17,3,23,7,31,1,1
7,2,22,18,3,27,7,8,1,1
8,2,22,19,4,32,8,14,1,1
9,2,22,20,1,33,5,8,1,1
10,2,22,21,2,38,6,28,1,1
11,2,22,22,1,41,5,17,1,1
1,3,22,23,3,3,11,12,1,0
2,3,22,24,4,8,12,9,1,1
3,3,22,25,3,11,11,7,1,1
4,3,22,26,3,15,11,11,1,1
5,3,22,27,2,18,10,17,1,1
6,3,22,28,3,23,11,35,1,1
7,3,22,29,2,26,10,13,1,1
8,3,22,30,2,30,10,6,1,1
9,3,22,31,1,33,9,13,1,1
10,3,22,32,3,39,11,7,1,1
11,3,22,33,2,42,10,11,1,1
1,4,22,34,4,4,16,7,1,1
2,4,22,35,2,6,14,27,1,1
3,4,22,36,2,10,14,8,1,1
4,4,22,37,2,14,14,14,1,1
5,4,22,38,4,20,16,5,1,1
6,4,22,39,1,21,13,9,1,0
7,4,22,40,2,26,14,4,1,0
8,4,22,41,2,30,14,12,1,1
9,4,22,42,2,34,14,6,1,1
10,4,22,43,1,37,13,14,1,1
11,4,22,44,2,42,14,11,1,1
1,5,22,45,2,2,18,8,1,0
2,5,22,46,1,5,17,11,1,1
3,5,22,47,2,10,18,12,1,1
4,5,22,48,2,14,18,7,1,1
5,5,22,49,3,19,19,17,1,1
6,5,22,50,3,23,19,12,1,1
7,5,22,51,3,27,19,15,1,1
8,5,22,52,3,31,19,5,1,1
9,5,22,53,2,34,18,8,1,1
10,5,22,54,3,39,19,5,1,1
11,5,22,55,2,42,18,9,1,1
1,1,23,1,3,3,3,9,1,0
2,1,23,2,4,8,4,16,1,1
3,1,23,3,2,10,2,18,1,1
4,1,23,4,3,15,3,3,1,1
5,1,23,5,2,18,2,17,1,1
6,1,23,6,2,22,2,8,1,1
7,1,23,7,2,26,2,6,1,1
8,1,23,8,4,32,4,9,1,1
9,1,23,9,2,34,2,18,1,1
10,1,23,10,4,40,4,8,1,1
11,1,23,11,3,43,3,16,1,1
1,2,23,12,3,3,7,15,1,1
2,2,23,13,2,6,6,4,1,1
3,2,23,14,2,10,6,11,1,1
4,2,23,15,2,14,6,8,1,1
5,2,23,16,2,18,6,12,1,1
6,2,23,17,3,23,7,13,1,1
7,2,23,18,4,28,8,6,1,1
8,2,23,19,2,30,6,7,1,0
9,2,23,20,3,35,7,9,1,1
10,2,23,21,3,39,7,14,1,1
11,2,23,22,3,43,7,10,1,1
1,3,23,23,3,3,11,13,1,0
2,3,23,24,3,7,11,5,1,1
3,3,23,25,1,9,9,8,1,0
4,3,23,26,3,15,11,7,1,0
5,3,23,27,1,17,9,13,1,0
6,3,23,28,2,22,10,6,1,0
7,3,23,29,3,27,11,7,1,1
8,3,23,30,4,32,12,15,1,1
9,3,23,31,2,34,10,23,1,1
10,3,23,32,1,37,9,13,1,0
11,3,23,33,3,43,11,11,1,1
1,4,23,34,3,3,15,6,1,1
2,4,23,35,1,5,13,6,1,0
3,4,23,36,3,11,15,8,1,1
4,4,23,37,2,14,14,35,1,1
5,4,23,38,3,19,15,5,1,1
6,4,23,39,4,24,16,16,1,1
7,4,23,40,2,26,14,14,1,0
8,4,23,41,3,31,15,7,1,1
9,4,23,42,4,36,16,12,1,1
10,4,23,43,2,38,14,10,1,1
11,4,23,44,1,41,13,10,1,1
1,5,23,45,3,3,19,23,1,1
2,5,23,46,2,6,18,10,1,1
3,5,23,47,2,10,18,12,1,1
4,5,23,48,2,14,18,23,1,1
5,5,23,49,3,19,19,8,1,1
6,5,23,50,3,23,19,15,1,1
7,5,23,51,1,25,17,6,1,1
8,5,23,52,2,30,18,11,1,1
9,5,23,53,2,34,18,14,1,1
10,5,23,54,3,39,19,15,1,1
11,5,23,55,3,43,19,14,1,1
1,1,24,1,3,3,3,15,1,1
2,1,24,2,2,6,2,8,1,0
3,1,24,3,2,10,2,20,1,1
4,1,24,4,1,13,1,5,1,1
5,1,24,5,3,19,3,14,1,1
6,1,24,6,3,23,3,8,1,1
7,1,24,7,3,27,3,11,1,1
8,1,24,8,3,31,3,20,1,1
9,1,24,9,1,33,1,21,1,1
10,1,24,10,3,39,3,12,1,1
11,1,24,11,3,43,3,12,1,1
1,2,24,12,3,3,7,6,1,0
2,2,24,13,2,6,6,18,1,1
3,2,24,14,2,10,6,20,1,0
4,2,24,15,4,16,8,21,1,1
5,2,24,16,2,18,6,10,1,1
6,2,24,17,2,22,6,12,1,1
7,2,24,18,1,25,5,16,1,0
8,2,24,19,3,31,7,25,1,1
9,2,24,20,4,36,8,15,1,1
10,2,24,21,2,38,6,7,1,1
11,2,24,22,4,44,8,20,1,1
1,3,24,23,1,1,9,28,1,1
2,3,24,24,2,6,10,8,1,1
3,3,24,25,3,11,11,12,1,1
4,3,24,26,1,13,9,7,1,0
5,3,24,27,2,18,10,13,1,1
6,3,24,28,3,23,11,21,1,1
7,3,24,29,1,25,9,13,1,0
8,3,24,30,1,29,9,28,1,1
9,3,24,31,3,35,11,26,1,1
10,3,24,32,2,38,10,17,1,1
11,3,24,33,2,42,10,15,1,1
1,4,24,34,3,3,15,2,1,0
2,4,24,35,2,6,14,9,1,1
3,4,24,36,2,10,14,8,1,1
4,4,24,37,3,15,15,12,1,1
5,4,24,38,2,18,14,25,1,1
6,4,24,39,2,22,14,7,1,1
7,4,24,40,4,28,16,16,1,1
8,4,24,41,3,31,15,6,1,1
9,4,24,42,2,34,14,11,1,1
10,4,24,43,2,38,14,12,1,1
11,4,24,44,3,43,15,16,1,1
1,5,24,45,4,4,20,33,1,1
2,5,24,46,2,6,18,21,1,1
3,5,24,47,4,12,20,14,1,1
4,5,24,48,2,14,18,7,1,0
5,5,24,49,3,19,19,42,1,1
6,5,24,50,3,23,19,17,1,1
7,5,24,51,2,26,18,30,1,1
8,5,24,52,3,31,19,11,1,1
9,5,24,53,2,34,18,16,1,1
10,5,24,54,1,37,17,12,1,1
11,5,24,55,2,42,18,7,1,1
1,1,25,1,2,2,2,18,1,1
2,1,25,2,2,6,2,5,1,1
3,1,25,3,2,10,2,8,1,1
4,1,25,4,3,15,3,15,1,1
5,1,25,5,2,18,2,10,1,1
6,1,25,6,2,22,2,19,1,1
7,1,25,7,1,25,1,17,1,1
8,1,25,8,3,31,3,41,1,1
9,1,25,9,2,34,2,22,1,1
10,1,25,10,4,40,4,11,1,1
11,1,25,11,3,43,3,18,1,1
1,2,25,12,2,2,6,7,1,0
2,2,25,13,2,6,6,10,1,1
3,2,25,14,4,12,8,19,1,1
4,2,25,15,2,14,6,14,1,1
5,2,25,16,2,18,6,5,1,1
6,2,25,17,4,24,8,10,1,1
7,2,25,18,3,27,7,12,1,1
8,2,25,19,3,31,7,17,1,1
9,2,25,20,3,35,7,6,1,1
10,2,25,21,2,38,6,13,1,1
11,2,25,22,3,43,7,12,1,1
1,3,25,23,2,2,10,10,1,0
2,3,25,24,1,5,9,27,1,0
3,3,25,25,2,10,10,12,1,1
4,3,25,26,1,13,9,18,1,1
5,3,25,27,2,18,10,8,1,1
6,3,25,28,2,22,10,11,1,1
7,3,25,29,4,28,12,10,1,1
8,3,25,30,3,31,11,14,1,1
9,3,25,31,3,35,11,8,1,1
10,3,25,32,2,38,10,11,1,1
11,3,25,33,2,42,10,26,1,1
1,4,25,34,2,2,14,7,1,1
2,4,25,35,3,7,15,6,1,1
3,4,25,36,4,12,16,9,1,1
4,4,25,37,3,15,15,9,1,1
5,4,25,38,2,18,14,10,1,1
6,4,25,39,3,23,15,12,1,1
7,4,25,40,1,25,13,10,1,0
8,4,25,41,1,29,13,7,1,0
9,4,25,42,2,34,14,17,1,1
10,4,25,43,4,40,16,14,1,1
11,4,25,44,4,44,16,16,1,1
1,5,25,45,1,1,17,17,1,0
2,5,25,46,3,7,19,10,1,1
3,5,25,47,3,11,19,13,1,1
4,5,25,48,3,15,19,13,1,1
5,5,25,49,4,20,20,16,1,1
6,5,25,50,2,22,18,9,1,1
7,5,25,51,2,26,18,6,1,1
8,5,25,52,2,30,18,13,1,1
9,5,25,53,4,36,20,14,1,1
10,5,25,54,3,39,19,7,1,1
11,5,25,55,3,43,19,16,1,1
1,1,26,1,2,2,2,25,1,1
2,1,26,2,2,6,2,6,1,0
3,1,26,3,2,10,2,6,1,0
4,1,26,4,2,14,2,25,1,1
5,1,26,5,4,20,4,23,1,1
6,1,26,6,3,23,3,17,1,1
7,1,26,7,3,27,3,6,1,0
8,1,26,8,2,30,2,21,1,1
9,1,26,9,2,34,2,5,1,1
10,1,26,10,2,38,2,12,1,1
11,1,26,11,3,43,3,8,1,1
1,2,26,12,3,3,7,18,1,1
2,2,26,13,3,7,7,9,1,0
3,2,26,14,1,9,5,4,1,0
4,2,26,15,2,14,6,28,1,1
5,2,26,16,3,19,7,63,1,1
6,2,26,17,2,22,6,15,1,1
7,2,26,18,2,26,6,12,1,1
8,2,26,19,2,30,6,5,1,1
9,2,26,20,4,36,8,6,1,1
10,2,26,21,2,38,6,11,1,1
11,2,26,22,4,44,8,5,1,1
1,3,26,23,1,1,9,4,1,0
2,3,26,24,2,6,10,5,1,0
3,3,26,25,1,9,9,28,1,0
4,3,26,26,3,15,11,11,1,1
5,3,26,27,2,18,10,15,1,0
6,3,26,28,1,21,9,12,1,1
7,3,26,29,2,26,10,5,1,1
8,3,26,30,3,31,11,15,1,1
9,3,26,31,4,36,12,21,1,1
10,3,26,32,1,37,9,9,1,1
11,3,26,33,3,43,11,14,1,1
1,4,26,34,1,1,13,9,1,0
2,4,26,35,2,6,14,20,1,1
3,4,26,36,2,10,14,13,1,0
4,4,26,37,3,15,15,31,1,1
5,4,26,38,3,19,15,14,1,1
6,4,26,39,2,22,14,6,1,1
7,4,26,40,4,28,16,10,1,1
8,4,26,41,2,30,14,12,1,1
9,4,26,42,3,35,15,10,1,1
10,4,26,43,3,39,15,16,1,1
11,4,26,44,3,43,15,22,1,1
1,5,26,45,1,1,17,11,1,1
2,5,26,46,2,6,18,7,1,0
3,5,26,47,3,11,19,18,1,1
4,5,26,48,4,16,20,9,1,1
5,5,26,49,3,19,19,30,1,1
6,5,26,50,3,23,19,14,1,1
7,5,26,51,2,26,18,13,1,1
8,5,26,52,1,29,17,29,1,1
9,5,26,53,2,34,18,13,1,1
10,5,26,54,4,40,20,11,1,1
11,5,26,55,1,41,17,16,1,1
1,1,27,1,2,2,2,9,1,1
2,1,27,2,3,7,3,23,1,0
3,1,27,3,4,12,4,14,1,1
4,1,27,4,3,15,3,5,1,1
5,1,27,5,3,19,3,18,1,1
6,1,27,6,3,23,3,7,1,1
7,1,27,7,4,28,4,26,1,1
8,1,27,8,2,30,2,7,1,1
9,1,27,9,4,36,4,4,1,1
10,1,27,10,2,38,2,12,1,1
11,1,27,11,3,43,3,14,1,1
1,2,27,12,4,4,8,7,1,0
2,2,27,13,2,6,6,18,1,0
3,2,27,14,3,11,7,20,1,1
4,2,27,15,4,16,8,7,1,0
5,2,27,16,4,20,8,7,1,1
6,2,27,17,2,22,6,12,1,1
7,2,27,18,2,26,6,6,1,1
8,2,27,19,2,30,6,19,1,1
9,2,27,20,1,33,5,23,1,1
10,2,27,21,3,39,7,7,1,1
11,2,27,22,3,43,7,6,1,1
1,3,27,23,2,2,10,7,1,0
2,3,27,24,2,6,10,15,1,1
3,3,27,25,3,11,11,33,1,0
4,3,27,26,1,13,9,19,1,1
5,3,27,27,2,18,10,17,1,1
6,3,27,28,1,21,9,48,1,1
7,3,27,29,1,25,9,9,1,1
8,3,27,30,3,31,11,9,1,1
9,3,27,31,1,33,9,15,1,0
10,3,27,32,3,39,11,7,1,1
11,3,27,33,3,43,11,10,1,1
1,4,27,34,3,3,15,15,1,0
2,4,27,35,1,5,13,14,1,0
3,4,27,36,1,9,13,8,1,0
4,4,27,37,3,15,15,10,1,1
5,4,27,38,2,18,14,16,1,1
6,4,27,39,3,23,15,17,1,1
7,4,27,40,3,27,15,24,1,1
8,4,27,41,2,30,14,11,1,1
9,4,27,42,4,36,16,24,1,1
10,4,27,43,3,39,15,10,1,1
11,4,27,44,2,42,14,17,1,1
1,5,27,45,2,2,18,19,1,0
2,5,27,46,3,7,19,5,1,1
3,5,27,47,2,10,18,20,1,1
4,5,27,48,3,15,19,13,1,1
5,5,27,49,2,18,18,9,1,1
6,5,27,50,1,21,17,7,1,1
7,5,27,51,3,27,19,5,1,1
8,5,27,52,2,30,18,16,1,1
9,5,27,53,3,35,19,8,1,1
10,5,27,54,4,40,20,9,1,1
11,5,27,55,3,43,19,19,1,1
1,1,28,1,2,2,2,19,1,1
2,1,28,2,1,5,1,10,1,0
3,1,28,3,2,10,2,8,1,1
4,1,28,4,3,15,3,10,1,1
5,1,28,5,2,18,2,20,1,1
6,1,28,6,2,22,2,15,1,1
7,1,28,7,3,27,3,15,1,1
8,1,28,8,2,30,2,26,1,1
9,1,28,9,2,34,2,20,1,1
10,1,28,10,3,39,3,19,1,1
11,1,28,11,2,42,2,21,1,1
1,2,28,12,2,2,6,14,1,1
2,2,28,13,2,6,6,5,1,1
3,2,28,14,4,12,8,25,1,1
4,2,28,15,4,16,8,24,1,1
5,2,28,16,3,19,7,12,1,1
6,2,28,17,4,24,8,8,1,1
7,2,28,18,3,27,7,12,1,1
8,2,28,19,4,32,8,10,1,1
9,2,28,20,2,34,6,13,1,1
10,2,28,21,4,40,8,4,1,1
11,2,28,22,1,41,5,20,1,1
1,3,28,23,2,2,10,26,1,1
2,3,28,24,3,7,11,12,1,1
3,3,28,25,2,10,10,5,1,1
4,3,28,26,3,15,11,9,1,1
5,3,28,27,3,19,11,29,1,1
6,3,28,28,2,22,10,15,1,1
7,3,28,29,2,26,10,14,1,1
8,3,28,30,3,31,11,9,1,1
9,3,28,31,3,35,11,9,1,1
10,3,28,32,4,40,12,16,1,1
11,3,28,33,2,42,10,28,1,1
1,4,28,34,1,1,13,34,1,0
2,4,28,35,3,7,15,11,1,1
3,4,28,36,3,11,15,12,1,1
4,4,28,37,3,15,15,19,1,1
5,4,28,38,3,19,15,17,1,1
6,4,28,39,2,22,14,8,1,0
7,4,28,40,2,26,14,14,1,1
8,4,28,41,3,31,15,16,1,1
9,4,28,42,2,34,14,11,1,1
10,4,28,43,4,40,16,7,1,1
11,4,28,44,3,43,15,8,1,1
1,5,28,45,4,4,20,10,1,1
2,5,28,46,2,6,18,10,1,1
3,5,28,47,2,10,18,18,1,0
4,5,28,48,1,13,17,8,1,1
5,5,28,49,2,18,18,9,1,1
6,5,28,50,1,21,17,8,1,0
7,5,28,51,2,26,18,18,1,1
8,5,28,52,2,30,18,21,1,1
9,5,28,53,3,35,19,12,1,1
10,5,28,54,3,39,19,10,1,1
11,5,28,55,1,41,17,10,1,1
1,1,29,1,2,2,2,15,1,1
2,1,29,2,1,5,1,40,1,0
3,1,29,3,3,11,3,6,1,1
4,1,29,4,1,13,1,5,1,0
5,1,29,5,3,19,3,9,1,0
6,1,29,6,2,22,2,14,1,1
7,1,29,7,3,27,3,6,1,1
8,1,29,8,4,32,4,14,1,1
9,1,29,9,1,33,1,8,1,1
10,1,29,10,3,39,3,13,1,1
11,1,29,11,2,42,2,13,1,1
1,2,29,12,2,2,6,19,1,1
2,2,29,13,3,7,7,13,1,1
3,2,29,14,2,10,6,2,1,0
4,2,29,15,2,14,6,34,1,1
5,2,29,16,2,18,6,21,1,1
6,2,29,17,4,24,8,9,1,1
7,2,29,18,3,27,7,14,1,1
8,2,29,19,1,29,5,23,1,1
9,2,29,20,2,34,6,9,1,1
10,2,29,21,2,38,6,8,1,1
11,2,29,22,3,43,7,10,1,1
1,3,29,23,4,4,12,20,1,1
2,3,29,24,2,6,10,13,1,1
3,3,29,25,3,11,11,6,1,1
4,3,29,26,1,13,9,9,1,1
5,3,29,27,2,18,10,11,1,1
6,3,29,28,2,22,10,12,1,1
7,3,29,29,3,27,11,19,1,1
8,3,29,30,3,31,11,14,1,1
9,3,29,31,3,35,11,9,1,1
10,3,29,32,4,40,12,16,1,1
11,3,29,33,2,42,10,17,1,1
1,4,29,34,4,4,16,6,1,1
2,4,29,35,4,8,16,31,1,0
3,4,29,36,1,9,13,19,1,1
4,4,29,37,3,15,15,6,1,0
5,4,29,38,2,18,14,8,1,1
6,4,29,39,2,22,14,16,1,1
7,4,29,40,3,27,15,18,1,1
8,4,29,41,3,31,15,11,1,1
9,4,29,42,1,33,13,14,1,1
10,4,29,43,4,40,16,3,1,1
11,4,29,44,2,42,14,11,1,1
1,5,29,45,1,1,17,10,1,0
2,5,29,46,3,7,19,11,1,1
3,5,29,47,4,12,20,11,1,1
4,5,29,48,3,15,19,10,1,1
5,5,29,49,3,19,19,19,1,1
6,5,29,50,1,21,17,18,1,1
7,5,29,51,1,25,17,10,1,1
8,5,29,52,2,30,18,30,1,1
9,5,29,53,3,35,19,6,1,1
10,5,29,54,3,39,19,35,1,1
11,5,29,55,2,42,18,8,1,1
1,1,30,1,3,3,3,17,1,1
2,1,30,2,3,7,3,24,1,1
3,1,30,3,2,10,2,8,1,0
4,1,30,4,3,15,3,7,1,0
5,1,30,5,3,19,3,18,1,1
6,1,30,6,2,22,2,11,1,1
7,1,30,7,3,27,3,20,1,1
8,1,30,8,2,30,2,12,1,1
9,1,30,9,2,34,2,15,1,1
10,1,30,10,3,39,3,21,1,1
11,1,30,11,1,41,1,19,1,1
1,2,30,12,3,3,7,12,1,1
2,2,30,13,3,7,7,14,1,1
3,2,30,14,3,11,7,14,1,0
4,2,30,15,4,16,8,21,1,1
5,2,30,16,1,17,5,8,1,0
6,2,30,17,2,22,6,11,1,1
7,2,30,18,1,25,5,10,1,1
8,2,30,19,3,31,7,4,1,1
9,2,30,20,3,35,7,19,1,1
10,2,30,21,3,39,7,6,1,1
11,2,30,22,2,42,6,7,1,1
1,3,30,23,2,2,10,12,1,0
2,3,30,24,3,7,11,13,1,1
3,3,30,25,1,9,9,15,1,0
4,3,30,26,1,13,9,11,1,0
5,3,30,27,3,19,11,5,1,1
6,3,30,28,2,22,10,7,1,1
7,3,30,29,2,26,10,18,1,1
8,3,30,30,3,31,11,22,1,1
9,3,30,31,2,34,10,7,1,1
10,3,30,32,2,38,10,16,1,1
11,3,30,33,3,43,11,12,1,1
1,4,30,34,1,1,13,8,1,0
2,4,30,35,3,7,15,8,1,1
3,4,30,36,3,11,15,17,1,0
4,4,30,37,3,15,15,8,1,1
5,4,30,38,2,18,14,17,1,1
6,4,30,39,2,22,14,14,1,1
7,4,30,40,4,28,16,21,1,1
8,4,30,41,2,30,14,8,1,1
9,4,30,42,3,35,15,8,1,1
10,4,30,43,4,40,16,20,1,1
11,4,30,44,1,41,13,8,1,1
1,5,30,45,4,4,20,13,1,0
2,5,30,46,2,6,18,6,1,0
3,5,30,47,3,11,19,9,1,1
4,5,30,48,1,13,17,22,1,0
5,5,30,49,2,18,18,13,1,1
6,5,30,50,1,21,17,16,1,1
7,5,30,51,3,27,19,11,1,1
8,5,30,52,4,32,20,13,1,1
9,5,30,53,3,35,19,12,1,1
10,5,30,54,1,37,17,16,1,0
11,5,30,55,2,42,18,23,1,1
1,1,31,1,3,3,3,13,1,1
2,1,31,2,2,6,2,5,1,0
3,1,31,3,2,10,2,40,1,1
4,1,31,4,3,15,3,13,1,1
5,1,31,5,4,20,4,34,1,1
6,1,31,6,1,21,1,17,1,1
7,1,31,7,2,26,2,13,1,1
8,1,31,8,3,31,3,8,1,1
9,1,31,9,4,36,4,5,1,1
10,1,31,10,2,38,2,8,1,1
11,1,31,11,3,43,3,10,1,1
1,2,31,12,2,2,6,8,1,1
2,2,31,13,2,6,6,32,1,1
3,2,31,14,2,10,6,20,1,1
4,2,31,15,3,15,7,11,1,1
5,2,31,16,1,17,5,18,1,0
6,2,31,17,3,23,7,22,1,1
7,2,31,18,2,26,6,35,1,1
8,2,31,19,2,30,6,15,1,1
9,2,31,20,3,35,7,15,1,1
10,2,31,21,3,39,7,8,1,1
11,2,31,22,2,42,6,11,1,1
1,3,31,23,2,2,10,13,1,1
2,3,31,24,3,7,11,9,1,0
3,3,31,25,2,10,10,18,1,1
4,3,31,26,3,15,11,17,1,1
5,3,31,27,2,18,10,12,1,1
6,3,31,28,3,23,11,20,1,1
7,3,31,29,1,25,9,16,1,1
8,3,31,30,3,31,11,10,1,1
9,3,31,31,4,36,12,12,1,1
10,3,31,32,3,39,11,24,1,1
11,3,31,33,2,42,10,22,1,1
1,4,31,34,2,2,14,10,1,1
2,4,31,35,3,7,15,11,1,1
3,4,31,36,2,10,14,14,1,1
4,4,31,37,3,15,15,12,1,1
5,4,31,38,3,19,15,11,1,1
6,4,31,39,4,24,16,11,1,1
7,4,31,40,2,26,14,20,1,1
8,4,31,41,2,30,14,10,1,1
9,4,31,42,1,33,13,31,1,1
10,4,31,43,4,40,16,10,1,1
11,4,31,44,1,41,13,13,1,0
1,5,31,45,2,2,18,26,1,1
2,5,31,46,2,6,18,25,1,1
3,5,31,47,3,11,19,12,1,1
4,5,31,48,3,15,19,10,1,1
5,5,31,49,3,19,19,24,1,1
6,5,31,50,1,21,17,20,1,1
7,5,31,51,2,26,18,3,1,1
8,5,31,52,4,32,20,13,1,1
9,5,31,53,2,34,18,18,1,1
10,5,31,54,1,37,17,6,1,1
11,5,31,55,3,43,19,12,1,1
1,1,32,1,3,3,3,5,1,0
2,1,32,2,1,5,1,18,1,0
3,1,32,3,3,11,3,15,1,1
4,1,32,4,3,15,3,17,1,1
5,1,32,5,3,19,3,10,1,1
6,1,32,6,2,22,2,16,1,1
7,1,32,7,2,26,2,13,1,0
8,1,32,8,4,32,4,34,1,1
9,1,32,9,3,35,3,13,1,1
10,1,32,10,1,37,1,6,1,1
11,1,32,11,1,41,1,10,1,1
1,2,32,12,4,4,8,4,1,1
2,2,32,13,3,7,7,36,1,1
3,2,32,14,4,12,8,7,1,1
4,2,32,15,3,15,7,17,1,1
5,2,32,16,4,20,8,7,1,1
6,2,32,17,3,23,7,6,1,1
7,2,32,18,2,26,6,7,1,1
8,2,32,19,1,29,5,8,1,1
9,2,32,20,2,34,6,34,1,1
10,2,32,21,2,38,6,14,1,1
11,2,32,22,3,43,7,9,1,1
1,3,32,23,2,2,10,7,1,1
2,3,32,24,2,6,10,10,1,1
3,3,32,25,2,10,10,9,1,1
4,3,32,26,4,16,12,17,1,1
5,3,32,27,3,19,11,7,1,1
6,3,32,28,3,23,11,8,1,1
7,3,32,29,1,25,9,45,1,1
8,3,32,30,2,30,10,11,1,1
9,3,32,31,2,34,10,7,1,1
10,3,32,32,3,39,11,16,1,1
11,3,32,33,2,42,10,29,1,1
1,4,32,34,2,2,14,8,1,1
2,4,32,35,3,7,15,18,1,1
3,4,32,36,2,10,14,11,1,1
4,4,32,37,3,15,15,14,1,1
5,4,32,38,2,18,14,12,1,1
6,4,32,39,2,22,14,12,1,1
7,4,32,40,2,26,14,8,1,1
8,4,32,41,2,30,14,9,1,1
9,4,32,42,3,35,15,17,1,1
10,4,32,43,2,38,14,8,1,1
11,4,32,44,1,41,13,20,1,1
1,5,32,45,3,3,19,10,1,1
2,5,32,46,3,7,19,21,1,0
3,5,32,47,3,11,19,7,1,1
4,5,32,48,3,15,19,9,1,0
5,5,32,49,3,19,19,16,1,1
6,5,32,50,2,22,18,10,1,1
7,5,32,51,3,27,19,7,1,1
8,5,32,52,3,31,19,20,1,1
9,5,32,53,3,35,19,13,1,1
10,5,32,54,2,38,18,8,1,1
11,5,32,55,3,43,19,12,1,1
1,1,33,1,4,4,4,10,1,1
2,1,33,2,2,6,2,6,1,1
3,1,33,3,2,10,2,13,1,1
4,1,33,4,3,15,3,17,1,1
5,1,33,5,2,18,2,31,1,1
6,1,33,6,2,22,2,11,1,1
7,1,33,7,3,27,3,14,1,1
8,1,33,8,1,29,1,14,1,1
9,1,33,9,3,35,3,8,1,1
10,1,33,10,3,39,3,7,1,1
11,1,33,11,2,42,2,7,1,0
1,2,33,12,4,4,8,14,1,1
2,2,33,13,3,7,7,6,1,1
3,2,33,14,2,10,6,7,1,0
4,2,33,15,3,15,7,9,1,1
5,2,33,16,1,17,5,18,1,1
6,2,33,17,2,22,6,14,1,1
7,2,33,18,3,27,7,15,1,1
8,2,33,19,4,32,8,27,1,1
9,2,33,20,3,35,7,26,1,1
10,2,33,21,2,38,6,17,1,1
11,2,33,22,2,42,6,23,1,1
1,3,33,23,2,2,10,14,1,1
2,3,33,24,3,7,11,24,1,1
3,3,33,25,2,10,10,10,1,1
4,3,33,26,2,14,10,39,1,1
5,3,33,27,3,19,11,13,1,1
6,3,33,28,3,23,11,7,1,1
7,3,33,29,2,26,10,5,1,1
8,3,33,30,2,30,10,20,1,1
9,3,33,31,4,36,12,13,1,1
10,3,33,32,4,40,12,10,1,1
11,3,33,33,3,43,11,11,1,1
1,4,33,34,3,3,15,12,1,1
2,4,33,35,3,7,15,5,1,1
3,4,33,36,4,12,16,6,1,1
4,4,33,37,2,14,14,13,1,0
5,4,33,38,2,18,14,27,1,1
6,4,33,39,3,23,15,6,1,1
7,4,33,40,3,27,15,13,1,1
8,4,33,41,3,31,15,5,1,1
9,4,33,42,3,35,15,14,1,1
10,4,33,43,2,38,14,17,1,1
11,4,33,44,1,41,13,8,1,1
1,5,33,45,4,4,20,8,1,0
2,5,33,46,2,6,18,23,1,1
3,5,33,47,2,10,18,15,1,1
4,5,33,48,1,13,17,20,1,0
5,5,33,49,3,19,19,15,1,1
6,5,33,50,2,22,18,9,1,1
7,5,33,51,2,26,18,15,1,1
8,5,33,52,3,31,19,15,1,1
9,5,33,53,2,34,18,33,1,1
10,5,33,54,3,39,19,14,1,1
11,5,33,55,3,43,19,8,1,1
1,1,34,1,2,2,2,9,1,0
2,1,34,2,2,6,2,23,1,1
3,1,34,3,2,10,2,17,1,1
4,1,34,4,3,15,3,12,1,1
5,1,34,5,2,18,2,19,1,1
6,1,34,6,1,21,1,8,1,0
7,1,34,7,4,28,4,16,1,1
8,1,34,8,2,30,2,21,1,1
9,1,34,9,2,34,2,8,1,1
10,1,34,10,1,37,1,15,1,1
11,1,34,11,3,43,3,18,1,1
1,2,34,12,2,2,6,10,1,0
2,2,34,13,2,6,6,9,1,1
3,2,34,14,2,10,6,18,1,1
4,2,34,15,2,14,6,9,1,1
5,2,34,16,4,20,8,15,1,1
6,2,34,17,4,24,8,8,1,0
7,2,34,18,1,25,5,4,1,0
8,2,34,19,3,31,7,13,1,1
9,2,34,20,3,35,7,4,1,1
10,2,34,21,2,38,6,7,1,1
11,2,34,22,3,43,7,10,1,1
1,3,34,23,2,2,10,18,1,1
2,3,34,24,3,7,11,25,1,1
3,3,34,25,3,11,11,11,1,1
4,3,34,26,2,14,10,9,1,1
5,3,34,27,2,18,10,10,1,1
6,3,34,28,2,22,10,12,1,1
7,3,34,29,1,25,9,17,1,1
8,3,34,30,1,29,9,15,1,1
9,3,34,31,2,34,10,27,1,1
10,3,34,32,3,39,11,21,1,1
11,3,34,33,3,43,11,6,1,1
1,4,34,34,3,3,15,14,1,0
2,4,34,35,2,6,14,10,1,1
3,4,34,36,3,11,15,5,1,0
4,4,34,37,3,15,15,5,1,0
5,4,34,38,3,19,15,23,1,1
6,4,34,39,3,23,15,24,1,1
7,4,34,40,4,28,16,9,1,1
8,4,34,41,4,32,16,8,1,1
9,4,34,42,3,35,15,32,1,1
10,4,34,43,3,39,15,11,1,1
11,4,34,44,3,43,15,15,1,1
1,5,34,45,2,2,18,12,1,0
2,5,34,46,1,5,17,18,1,0
3,5,34,47,4,12,20,6,1,1
4,5,34,48,2,14,18,11,1,1
5,5,34,49,2,18,18,26,1,1
6,5,34,50,4,24,20,12,1,1
7,5,34,51,2,26,18,16,1,0
8,5,34,52,3,31,19,9,1,1
9,5,34,53,2,34,18,19,1,1
10,5,34,54,3,39,19,14,1,1
11,5,34,55,3,43,19,14,1,1
1,1,35,1,2,2,2,10,1,0
2,1,35,2,2,6,2,16,1,0
3,1,35,3,1,9,1,14,1,0
4,1,35,4,2,14,2,13,1,1
5,1,35,5,3,19,3,8,1,1
6,1,35,6,2,22,2,8,1,1
7,1,35,7,3,27,3,13,1,1
8,1,35,8,3,31,3,10,1,1
9,1,35,9,2,34,2,8,1,1
10,1,35,10,3,39,3,15,1,1
11,1,35,11,2,42,2,10,1,1
1,2,35,12,3,3,7,10,1,1
2,2,35,13,2,6,6,9,1,0
3,2,35,14,4,12,8,8,1,1
4,2,35,15,2,14,6,13,1,0
5,2,35,16,2,18,6,9,1,1
6,2,35,17,2,22,6,31,1,1
7,2,35,18,1,25,5,12,1,1
8,2,35,19,3,31,7,12,1,1
9,2,35,20,3,35,7,9,1,1
10,2,35,21,2,38,6,14,1,1
11,2,35,22,2,42,6,7,1,1
1,3,35,23,4,4,12,13,1,0
2,3,35,24,2,6,10,8,1,1
3,3,35,25,3,11,11,10,1,1
4,3,35,26,3,15,11,15,1,0
5,3,35,27,2,18,10,33,1,1
6,3,35,28,3,23,11,9,1,1
7,3,35,29,4,28,12,17,1,1
8,3,35,30,4,32,12,8,1,1
9,3,35,31,3,35,11,13,1,1
10,3,35,32,1,37,9,13,1,1
11,3,35,33,2,42,10,14,1,1
1,4,35,34,4,4,16,23,1,1
2,4,35,35,1,5,13,8,1,1
3,4,35,36,2,10,14,15,1,1
4,4,35,37,3,15,15,13,1,1
5,4,35,38,3,19,15,9,1,1
6,4,35,39,4,24,16,10,1,1
7,4,35,40,2,26,14,7,1,1
8,4,35,41,4,32,16,6,1,1
9,4,35,42,2,34,14,5,1,1
10,4,35,43,4,40,16,20,1,1
11,4,35,44,3,43,15,15,1,1
1,5,35,45,3,3,19,7,1,1
2,5,35,46,3,7,19,7,1,0
3,5,35,47,2,10,18,21,1,1
4,5,35,48,2,14,18,8,1,1
5,5,35,49,2,18,18,29,1,1
6,5,35,50,2,22,18,14,1,1
7,5,35,51,2,26,18,13,1,1
8,5,35,52,3,31,19,12,1,1
9,5,35,53,4,36,20,8,1,1
10,5,35,54,4,40,20,35,1,1
11,5,35,55,2,42,18,27,1,1
1,1,36,1,2,2,2,19,1,0
2,1,36,2,2,6,2,14,1,1
3,1,36,3,1,9,1,7,1,0
4,1,36,4,4,16,4,7,1,1
5,1,36,5,3,19,3,8,1,1
6,1,36,6,3,23,3,14,1,1
7,1,36,7,1,25,1,9,1,0
8,1,36,8,3,31,3,14,1,1
9,1,36,9,3,35,3,11,1,0
10,1,36,10,2,38,2,23,1,1
11,1,36,11,3,43,3,12,1,1
1,2,36,12,3,3,7,9,1,1
2,2,36,13,3,7,7,13,1,0
3,2,36,14,2,10,6,9,1,0
4,2,36,15,2,14,6,17,1,1
5,2,36,16,1,17,5,7,1,1
6,2,36,17,2,22,6,36,1,1
7,2,36,18,1,25,5,11,1,1
8,2,36,19,4,32,8,12,1,1
9,2,36,20,2,34,6,13,1,1
10,2,36,21,3,39,7,15,1,1
11,2,36,22,3,43,7,8,1,1
1,3,36,23,3,3,11,11,1,0
2,3,36,24,1,5,9,12,1,0
3,3,36,25,2,10,10,7,1,1
4,3,36,26,3,15,11,14,1,0
5,3,36,27,3,19,11,8,1,1
6,3,36,28,1,21,9,8,1,0
7,3,36,29,3,27,11,17,1,1
8,3,36,30,2,30,10,22,1,1
9,3,36,31,4,36,12,15,1,1
10,3,36,32,3,39,11,7,1,1
11,3,36,33,3,43,11,14,1,1
1,4,36,34,3,3,15,8,1,0
2,4,36,35,2,6,14,20,1,1
3,4,36,36,1,9,13,6,1,0
4,4,36,37,1,13,13,24,1,0
5,4,36,38,3,19,15,7,1,1
6,4,36,39,2,22,14,9,1,0
7,4,36,40,3,27,15,26,1,1
8,4,36,41,4,32,16,13,1,1
9,4,36,42,2,34,14,14,1,1
10,4,36,43,2,38,14,18,1,1
11,4,36,44,2,42,14,12,1,0
1,5,36,45,2,2,18,7,1,0
2,5,36,46,2,6,18,15,1,1
3,5,36,47,3,11,19,5,1,1
4,5,36,48,3,15,19,15,1,1
5,5,36,49,3,19,19,14,1,1
6,5,36,50,2,22,18,11,1,1
7,5,36,51,4,28,20,18,1,1
8,5,36,52,3,31,19,4,1,1
9,5,36,53,3,35,19,37,1,1
10,5,36,54,3,39,19,14,1,1
11,5,36,55,4,44,20,20,1,1
1,1,37,1,1,1,1,11,1,0
2,1,37,2,4,8,4,26,1,1
3,1,37,3,1,9,1,47,1,1
4,1,37,4,3,15,3,12,1,1
5,1,37,5,3,19,3,11,1,1
6,1,37,6,2,22,2,6,1,0
7,1,37,7,2,26,2,12,1,1
8,1,37,8,3,31,3,13,1,1
9,1,37,9,2,34,2,12,1,1
10,1,37,10,2,38,2,4,1,1
11,1,37,11,2,42,2,9,1,1
1,2,37,12,3,3,7,12,1,1
2,2,37,13,2,6,6,20,1,1
3,2,37,14,4,12,8,6,1,0
4,2,37,15,4,16,8,7,1,1
5,2,37,16,3,19,7,19,1,1
6,2,37,17,2,22,6,7,1,1
7,2,37,18,3,27,7,12,1,1
8,2,37,19,3,31,7,20,1,1
9,2,37,20,2,34,6,11,1,1
10,2,37,21,4,40,8,14,1,1
11,2,37,22,2,42,6,10,1,1
1,3,37,23,3,3,11,17,1,1
2,3,37,24,2,6,10,8,1,1
3,3,37,25,4,12,12,4,1,1
4,3,37,26,2,14,10,10,1,1
5,3,37,27,2,18,10,20,1,1
6,3,37,28,2,22,10,8,1,1
7,3,37,29,2,26,10,12,1,1
8,3,37,30,2,30,10,20,1,1
9,3,37,31,3,35,11,12,1,1
10,3,37,32,3,39,11,13,1,1
11,3,37,33,3,43,11,9,1,1
1,4,37,34,3,3,15,8,1,1
2,4,37,35,3,7,15,10,1,1
3,4,37,36,3,11,15,21,1,1
4,4,37,37,3,15,15,5,1,1
5,4,37,38,3,19,15,10,1,1
6,4,37,39,2,22,14,14,1,1
7,4,37,40,2,26,14,6,1,1
8,4,37,41,2,30,14,10,1,1
9,4,37,42,3,35,15,8,1,1
10,4,37,43,3,39,15,17,1,1
11,4,37,44,2,42,14,14,1,1
1,5,37,45,4,4,20,7,1,0
2,5,37,46,2,6,18,15,1,1
3,5,37,47,3,11,19,18,1,1
4,5,37,48,2,14,18,6,1,0
5,5,37,49,2,18,18,9,1,1
6,5,37,50,2,22,18,8,1,1
7,5,37,51,3,27,19,6,1,1
8,5,37,52,4,32,20,8,1,1
9,5,37,53,2,34,18,11,1,1
10,5,37,54,3,39,19,13,1,1
11,5,37,55,2,42,18,8,1,1
1,1,38,1,2,2,2,12,1,0
2,1,38,2,2,6,2,17,1,1
3,1,38,3,2,10,2,9,1,0
4,1,38,4,2,14,2,11,1,0
5,1,38,5,1,17,1,12,1,1
6,1,38,6,3,23,3,19,1,1
7,1,38,7,3,27,3,24,1,1
8,1,38,8,3,31,3,18,1,1
9,1,38,9,4,36,4,49,1,1
10,1,38,10,2,38,2,8,1,1
11,1,38,11,2,42,2,42,1,1
1,2,38,12,2,2,6,7,1,0
2,2,38,13,3,7,7,16,1,1
3,2,38,14,2,10,6,13,1,1
4,2,38,15,3,15,7,12,1,1
5,2,38,16,4,20,8,16,1,1
6,2,38,17,3,23,7,13,1,1
7,2,38,18,3,27,7,7,1,1
8,2,38,19,2,30,6,10,1,1
9,2,38,20,2,34,6,23,1,1
10,2,38,21,2,38,6,13,1,1
11,2,38,22,4,44,8,9,1,1
1,3,38,23,3,3,11,15,1,1
2,3,38,24,2,6,10,25,1,0
3,3,38,25,2,10,10,11,1,1
4,3,38,26,4,16,12,9,1,1
5,3,38,27,2,18,10,12,1,1
6,3,38,28,2,22,10,25,1,0
7,3,38,29,3,27,11,28,1,1
8,3,38,30,2,30,10,7,1,1
9,3,38,31,3,35,11,21,1,1
10,3,38,32,3,39,11,19,1,1
11,3,38,33,1,41,9,9,1,0
1,4,38,34,2,2,14,5,1,0
2,4,38,35,3,7,15,11,1,1
3,4,38,36,1,9,13,7,1,1
4,4,38,37,3,15,15,21,1,1
5,4,38,38,2,18,14,14,1,1
6,4,38,39,1,21,13,5,1,1
7,4,38,40,2,26,14,4,1,1
8,4,38,41,3,31,15,9,1,1
9,4,38,42,3,35,15,11,1,1
10,4,38,43,4,40,16,15,1,1
11,4,38,44,2,42,14,7,1,1
1,5,38,45,3,3,19,7,1,1
2,5,38,46,4,8,20,37,1,1
3,5,38,47,3,11,19,6,1,0
4,5,38,48,1,13,17,19,1,1
5,5,38,49,1,17,17,13,1,1
6,5,38,50,1,21,17,14,1,1
7,5,38,51,4,28,20,7,1,1
8,5,38,52,1,29,17,12,1,0
9,5,38,53,2,34,18,16,1,1
10,5,38,54,3,39,19,20,1,1
11,5,38,55,3,43,19,10,1,1
1,1,39,1,2,2,2,5,1,1
2,1,39,2,3,7,3,21,1,0
3,1,39,3,3,11,3,22,1,1
4,1,39,4,2,14,2,6,1,0
5,1,39,5,4,20,4,17,1,1
6,1,39,6,2,22,2,7,1,1
7,1,39,7,2,26,2,8,1,1
8,1,39,8,2,30,2,7,1,1
9,1,39,9,3,35,3,6,1,1
10,1,39,10,3,39,3,12,1,1
11,1,39,11,4,44,4,32,1,1
1,2,39,12,1,1,5,22,1,0
2,2,39,13,1,5,5,9,1,0
3,2,39,14,3,11,7,13,1,1
4,2,39,15,2,14,6,10,1,1
5,2,39,16,2,18,6,10,1,1
6,2,39,17,3,23,7,8,1,1
7,2,39,18,2,26,6,16,1,1
8,2,39,19,3,31,7,16,1,1
9,2,39,20,4,36,8,5,1,1
10,2,39,21,2,38,6,8,1,1
11,2,39,22,1,41,5,16,1,1
1,3,39,23,2,2,10,9,1,1
2,3,39,24,2,6,10,8,1,1
3,3,39,25,2,10,10,9,1,1
4,3,39,26,3,15,11,14,1,1
5,3,39,27,4,20,12,7,1,1
6,3,39,28,3,23,11,9,1,1
7,3,39,29,4,28,12,12,1,1
8,3,39,30,3,31,11,10,1,1
9,3,39,31,2,34,10,15,1,1
10,3,39,32,3,39,11,13,1,1
11,3,39,33,4,44,12,52,1,1
1,4,39,34,3,3,15,19,1,1
2,4,39,35,3,7,15,19,1,1
3,4,39,36,4,12,16,8,1,1
4,4,39,37,3,15,15,22,1,1
5,4,39,38,3,19,15,6,1,1
6,4,39,39,3,23,15,27,1,1
7,4,39,40,3,27,15,8,1,1
8,4,39,41,1,29,13,10,1,0
9,4,39,42,1,33,13,21,1,1
10,4,39,43,1,37,13,14,1,1
11,4,39,44,3,43,15,10,1,1
1,5,39,45,2,2,18,3,1,0
2,5,39,46,3,7,19,12,1,1
3,5,39,47,3,11,19,19,1,1
4,5,39,48,2,14,18,22,1,1
5,5,39,49,3,19,19,6,1,1
6,5,39,50,2,22,18,10,1,1
7,5,39,51,3,27,19,21,1,1
8,5,39,52,3,31,19,7,1,1
9,5,39,53,3,35,19,9,1,1
10,5,39,54,2,38,18,10,1,1
11,5,39,55,2,42,18,17,1,1
1,1,40,1,3,3,3,9,1,1
2,1,40,2,1,5,1,22,1,0
3,1,40,3,3,11,3,18,1,1
4,1,40,4,3,15,3,16,1,1
5,1,40,5,4,20,4,20,1,1
6,1,40,6,4,24,4,22,1,1
7,1,40,7,1,25,1,13,1,0
8,1,40,8,3,31,3,7,1,1
9,1,40,9,3,35,3,7,1,1
10,1,40,10,3,39,3,22,1,1
11,1,40,11,4,44,4,15,1,1
1,2,40,12,2,2,6,21,1,1
2,2,40,13,4,8,8,9,1,1
3,2,40,14,3,11,7,11,1,1
4,2,40,15,2,14,6,20,1,1
5,2,40,16,4,20,8,19,1,1
6,2,40,17,2,22,6,15,1,1
7,2,40,18,2,26,6,10,1,1
8,2,40,19,2,30,6,9,1,1
9,2,40,20,1,33,5,14,1,1
10,2,40,21,3,39,7,5,1,1
11,2,40,22,2,42,6,9,1,1
1,3,40,23,2,2,10,15,1,1
2,3,40,24,4,8,12,29,1,1
3,3,40,25,2,10,10,16,1,1
4,3,40,26,1,13,9,23,1,0
5,3,40,27,4,20,12,10,1,1
6,3,40,28,4,24,12,7,1,1
7,3,40,29,2,26,10,3,1,0
8,3,40,30,2,30,10,17,1,1
9,3,40,31,2,34,10,4,1,1
10,3,40,32,3,39,11,29,1,1
11,3,40,33,3,43,11,14,1,1
1,4,40,34,1,1,13,15,1,0
2,4,40,35,2,6,14,14,1,1
3,4,40,36,3,11,15,8,1,0
4,4,40,37,3,15,15,7,1,1
5,4,40,38,1,17,13,23,1,1
6,4,40,39,2,22,14,15,1,1
7,4,40,40,3,27,15,16,1,1
8,4,40,41,3,31,15,11,1,1
9,4,40,42,3,35,15,10,1,1
10,4,40,43,3,39,15,7,1,1
11,4,40,44,3,43,15,21,1,1
1,5,40,45,2,2,18,19,1,1
2,5,40,46,3,7,19,20,1,1
3,5,40,47,3,11,19,11,1,1
4,5,40,48,2,14,18,14,1,1
5,5,40,49,1,17,17,19,1,0
6,5,40,50,3,23,19,17,1,1
7,5,40,51,2,26,18,22,1,1
8,5,40,52,3,31,19,6,1,1
9,5,40,53,3,35,19,12,1,1
10,5,40,54,3,39,19,11,1,1
11,5,40,55,3,43,19,14,1,1
1,1,41,1,3,3,3,7,1,1
2,1,41,2,2,6,2,8,1,1
3,1,41,3,3,11,3,9,1,1
4,1,41,4,2,14,2,13,1,1
5,1,41,5,2,18,2,10,1,0
6,1,41,6,2,22,2,13,1,1
7,1,41,7,2,26,2,18,1,1
8,1,41,8,4,32,4,7,1,1
9,1,41,9,1,33,1,7,1,1
10,1,41,10,3,39,3,13,1,1
11,1,41,11,3,43,3,22,1,1
1,2,41,12,2,2,6,17,1,0
2,2,41,13,3,7,7,9,1,0
3,2,41,14,3,11,7,14,1,1
4,2,41,15,2,14,6,8,1,1
5,2,41,16,3,19,7,8,1,0
6,2,41,17,2,22,6,14,1,1
7,2,41,18,2,26,6,12,1,1
8,2,41,19,4,32,8,11,1,1
9,2,41,20,4,36,8,13,1,1
10,2,41,21,3,39,7,12,1,1
11,2,41,22,2,42,6,6,1,1
1,3,41,23,4,4,12,6,1,1
2,3,41,24,3,7,11,19,1,0
3,3,41,25,3,11,11,24,1,1
4,3,41,26,2,14,10,12,1,1
5,3,41,27,2,18,10,36,1,1
6,3,41,28,1,21,9,9,1,0
7,3,41,29,3,27,11,7,1,1
8,3,41,30,4,32,12,17,1,1
9,3,41,31,3,35,11,7,1,1
10,3,41,32,3,39,11,16,1,1
11,3,41,33,2,42,10,19,1,1
1,4,41,34,3,3,15,6,1,0
2,4,41,35,2,6,14,9,1,1
3,4,41,36,3,11,15,17,1,1
4,4,41,37,3,15,15,8,1,1
5,4,41,38,2,18,14,9,1,1
6,4,41,39,2,22,14,17,1,1
7,4,41,40,1,25,13,9,1,0
8,4,41,41,2,30,14,25,1,1
9,4,41,42,2,34,14,11,1,1
10,4,41,43,1,37,13,15,1,1
11,4,41,44,3,43,15,7,1,1
1,5,41,45,4,4,20,15,1,0
2,5,41,46,3,7,19,17,1,0
3,5,41,47,3,11,19,21,1,1
4,5,41,48,3,15,19,5,1,1
5,5,41,49,1,17,17,16,1,0
6,5,41,50,3,23,19,24,1,1
7,5,41,51,4,28,20,12,1,1
8,5,41,52,1,29,17,6,1,1
9,5,41,53,3,35,19,11,1,1
10,5,41,54,4,40,20,9,1,1
11,5,41,55,2,42,18,16,1,1
1,1,42,1,3,3,3,8,1,1
2,1,42,2,3,7,3,9,1,1
3,1,42,3,2,10,2,8,1,1
4,1,42,4,3,15,3,21,1,1
5,1,42,5,3,19,3,13,1,1
6,1,42,6,2,22,2,11,1,1
7,1,42,7,2,26,2,5,1,1
8,1,42,8,4,32,4,13,1,1
9,1,42,9,1,33,1,13,1,0
10,1,42,10,3,39,3,16,1,1
11,1,42,11,2,42,2,6,1,1
1,2,42,12,2,2,6,13,1,0
2,2,42,13,3,7,7,8,1,1
3,2,42,14,2,10,6,6,1,1
4,2,42,15,3,15,7,11,1,1
5,2,42,16,2,18,6,10,1,1
6,2,42,17,3,23,7,23,1,1
7,2,42,18,3,27,7,10,1,1
8,2,42,19,4,32,8,9,1,1
9,2,42,20,2,34,6,9,1,1
10,2,42,21,3,39,7,22,1,1
11,2,42,22,3,43,7,18,1,1
1,3,42,23,2,2,10,9,1,0
2,3,42,24,2,6,10,45,1,1
3,3,42,25,3,11,11,24,1,1
4,3,42,26,1,13,9,16,1,1
5,3,42,27,1,17,9,9,1,1
6,3,42,28,4,24,12,15,1,1
7,3,42,29,2,26,10,14,1,1
8,3,42,30,3,31,11,14,1,1
9,3,42,31,3,35,11,7,1,0
10,3,42,32,1,37,9,9,1,0
11,3,42,33,2,42,10,18,1,1
1,4,42,34,4,4,16,5,1,1
2,4,42,35,3,7,15,10,1,0
3,4,42,36,3,11,15,12,1,1
4,4,42,37,1,13,13,13,1,1
5,4,42,38,2,18,14,24,1,1
6,4,42,39,2,22,14,17,1,1
7,4,42,40,2,26,14,6,1,1
8,4,42,41,2,30,14,9,1,1
9,4,42,42,2,34,14,7,1,1
10,4,42,43,3,39,15,17,1,1
11,4,42,44,2,42,14,8,1,1
1,5,42,45,3,3,19,17,1,1
2,5,42,46,4,8,20,6,1,1
3,5,42,47,3,11,19,19,1,1
4,5,42,48,1,13,17,20,1,1
5,5,42,49,2,18,18,13,1,1
6,5,42,50,3,23,19,6,1,1
7,5,42,51,3,27,19,15,1,1
8,5,42,52,3,31,19,13,1,1
9,5,42,53,2,34,18,19,1,1
10,5,42,54,1,37,17,9,1,1
11,5,42,55,4,44,20,7,1,1
1,1,43,1,2,2,2,4,1,0
2,1,43,2,4,8,4,15,1,1
3,1,43,3,3,11,3,8,1,1
4,1,43,4,2,14,2,5,1,1
5,1,43,5,2,18,2,25,1,1
6,1,43,6,2,22,2,4,1,1
7,1,43,7,3,27,3,12,1,1
8,1,43,8,3,31,3,8,1,1
9,1,43,9,3,35,3,17,1,1
10,1,43,10,1,37,1,13,1,1
11,1,43,11,3,43,3,4,1,1
1,2,43,12,3,3,7,21,1,0
2,2,43,13,3,7,7,8,1,1
3,2,43,14,3,11,7,11,1,1
4,2,43,15,2,14,6,10,1,1
5,2,43,16,1,17,5,19,1,1
6,2,43,17,2,22,6,20,1,1
7,2,43,18,2,26,6,9,1,1
8,2,43,19,3,31,7,8,1,1
9,2,43,20,3,35,7,11,1,1
10,2,43,21,2,38,6,13,1,1
11,2,43,22,1,41,5,16,1,0
1,3,43,23,2,2,10,17,1,1
2,3,43,24,3,7,11,16,1,1
3,3,43,25,2,10,10,8,1,1
4,3,43,26,2,14,10,16,1,1
5,3,43,27,2,18,10,12,1,1
6,3,43,28,2,22,10,6,1,0
7,3,43,29,3,27,11,9,1,1
8,3,43,30,3,31,11,7,1,1
9,3,43,31,3,35,11,10,1,1
10,3,43,32,2,38,10,8,1,1
11,3,43,33,2,42,10,11,1,1
1,4,43,34,4,4,16,9,1,1
2,4,43,35,3,7,15,7,1,1
3,4,43,36,1,9,13,10,1,0
4,4,43,37,1,13,13,13,1,0
5,4,43,38,4,20,16,14,1,1
6,4,43,39,2,22,14,15,1,1
7,4,43,40,3,27,15,12,1,1
8,4,43,41,3,31,15,9,1,1
9,4,43,42,3,35,15,7,1,1
10,4,43,43,3,39,15,13,1,1
11,4,43,44,3,43,15,12,1,1
1,5,43,45,2,2,18,5,1,0
2,5,43,46,4,8,20,5,1,1
3,5,43,47,2,10,18,12,1,0
4,5,43,48,1,13,17,73,1,1
5,5,43,49,2,18,18,10,1,1
6,5,43,50,3,23,19,17,1,1
7,5,43,51,3,27,19,12,1,1
8,5,43,52,2,30,18,4,1,1
9,5,43,53,4,36,20,10,1,1
10,5,43,54,3,39,19,8,1,1
11,5,43,55,1,41,17,20,1,1
1,1,44,1,2,2,2,5,1,1
2,1,44,2,1,5,1,7,1,0
3,1,44,3,1,9,1,5,1,0
4,1,44,4,2,14,2,9,1,1
5,1,44,5,1,17,1,14,1,0
6,1,44,6,1,21,1,25,1,0
7,1,44,7,3,27,3,37,1,1
8,1,44,8,3,31,3,37,1,1
9,1,44,9,3,35,3,6,1,1
10,1,44,10,1,37,1,10,1,1
11,1,44,11,2,42,2,5,1,1
1,2,44,12,3,3,7,43,1,1
2,2,44,13,1,5,5,11,1,1
3,2,44,14,1,9,5,20,1,0
4,2,44,15,2,14,6,14,1,1
5,2,44,16,3,19,7,9,1,1
6,2,44,17,3,23,7,7,1,1
7,2,44,18,4,28,8,7,1,1
8,2,44,19,2,30,6,8,1,1
9,2,44,20,3,35,7,6,1,1
10,2,44,21,3,39,7,6,1,1
11,2,44,22,2,42,6,4,1,1
1,3,44,23,3,3,11,27,1,1
2,3,44,24,2,6,10,13,1,1
3,3,44,25,3,11,11,21,1,1
4,3,44,26,1,13,9,7,1,1
5,3,44,27,3,19,11,15,1,1
6,3,44,28,2,22,10,13,1,1
7,3,44,29,4,28,12,13,1,1
8,3,44,30,4,32,12,11,1,1
9,3,44,31,1,33,9,15,1,1
10,3,44,32,3,39,11,6,1,1
11,3,44,33,4,44,12,5,1,1
1,4,44,34,1,1,13,11,1,0
2,4,44,35,3,7,15,25,1,1
3,4,44,36,4,12,16,16,1,1
4,4,44,37,2,14,14,6,1,1
5,4,44,38,1,17,13,10,1,1
6,4,44,39,3,23,15,23,1,1
7,4,44,40,3,27,15,11,1,1
8,4,44,41,3,31,15,12,1,1
9,4,44,42,3,35,15,14,1,1
10,4,44,43,2,38,14,10,1,1
11,4,44,44,3,43,15,10,1,1
1,5,44,45,3,3,19,25,1,1
2,5,44,46,3,7,19,16,1,0
3,5,44,47,2,10,18,11,1,1
4,5,44,48,2,14,18,7,1,0
5,5,44,49,1,17,17,10,1,0
6,5,44,50,3,23,19,21,1,1
7,5,44,51,4,28,20,32,1,1
8,5,44,52,2,30,18,10,1,1
9,5,44,53,2,34,18,10,1,1
10,5,44,54,2,38,18,10,1,1
11,5,44,55,4,44,20,12,1,1
1,1,45,1,2,2,2,14,1,1
2,1,45,2,3,7,3,14,1,1
3,1,45,3,2,10,2,14,1,1
4,1,45,4,2,14,2,7,1,1
5,1,45,5,2,18,2,12,1,0
6,1,45,6,2,22,2,8,1,1
7,1,45,7,2,26,2,13,1,1
8,1,45,8,2,30,2,17,1,1
9,1,45,9,3,35,3,25,1,1
10,1,45,10,2,38,2,6,1,1
11,1,45,11,3,43,3,10,1,1
1,2,45,12,2,2,6,9,1,1
2,2,45,13,2,6,6,14,1,1
3,2,45,14,3,11,7,18,1,1
4,2,45,15,2,14,6,10,1,1
5,2,45,16,3,19,7,24,1,1
6,2,45,17,2,22,6,12,1,1
7,2,45,18,2,26,6,6,1,1
8,2,45,19,3,31,7,9,1,1
9,2,45,20,4,36,8,19,1,0
10,2,45,21,2,38,6,4,1,1
11,2,45,22,1,41,5,12,1,1
1,3,45,23,2,2,10,16,1,1
2,3,45,24,2,6,10,8,1,0
3,3,45,25,2,10,10,15,1,1
4,3,45,26,2,14,10,21,1,1
5,3,45,27,3,19,11,6,1,0
6,3,45,28,2,22,10,6,1,1
7,3,45,29,3,27,11,10,1,1
8,3,45,30,3,31,11,10,1,1
9,3,45,31,3,35,11,10,1,1
10,3,45,32,1,37,9,7,1,1
11,3,45,33,4,44,12,4,1,1
1,4,45,34,2,2,14,10,1,0
2,4,45,35,4,8,16,32,1,0
3,4,45,36,3,11,15,5,1,1
4,4,45,37,3,15,15,22,1,1
5,4,45,38,2,18,14,6,1,1
6,4,45,39,1,21,13,12,1,1
7,4,45,40,3,27,15,5,1,1
8,4,45,41,3,31,15,10,1,1
9,4,45,42,3,35,15,12,1,1
10,4,45,43,2,38,14,21,1,1
11,4,45,44,4,44,16,13,1,1
1,5,45,45,3,3,19,27,1,1
2,5,45,46,2,6,18,6,1,0
3,5,45,47,1,9,17,11,1,0
4,5,45,48,2,14,18,8,1,1
5,5,45,49,2,18,18,16,1,1
6,5,45,50,2,22,18,29,1,1
7,5,45,51,3,27,19,7,1,1
8,5,45,52,1,29,17,7,1,1
9,5,45,53,2,34,18,2,1,1
10,5,45,54,2,38,18,16,1,1
11,5,45,55,4,44,20,27,1,1
1,1,46,1,1,1,1,25,1,1
2,1,46,2,2,6,2,12,1,0
3,1,46,3,3,11,3,8,1,1
4,1,46,4,3,15,3,8,1,1
5,1,46,5,2,18,2,10,1,1
6,1,46,6,3,23,3,46,1,1
7,1,46,7,2,26,2,28,1,1
8,1,46,8,3,31,3,10,1,1
9,1,46,9,3,35,3,6,1,1
10,1,46,10,3,39,3,26,1,1
11,1,46,11,2,42,2,12,1,1
1,2,46,12,1,1,5,32,1,1
2,2,46,13,1,5,5,7,1,0
3,2,46,14,3,11,7,11,1,1
4,2,46,15,3,15,7,8,1,1
5,2,46,16,2,18,6,9,1,1
6,2,46,17,2,22,6,10,1,1
7,2,46,18,2,26,6,5,1,1
8,2,46,19,3,31,7,30,1,1
9,2,46,20,2,34,6,14,1,1
10,2,46,21,3,39,7,10,1,1
11,2,46,22,3,43,7,15,1,1
1,3,46,23,2,2,10,16,1,1
2,3,46,24,3,7,11,10,1,0
3,3,46,25,2,10,10,11,1,1
4,3,46,26,3,15,11,13,1,1
5,3,46,27,3,19,11,7,1,1
6,3,46,28,3,23,11,12,1,1
7,3,46,29,2,26,10,16,1,1
8,3,46,30,1,29,9,14,1,1
9,3,46,31,3,35,11,15,1,1
10,3,46,32,2,38,10,4,1,1
11,3,46,33,2,42,10,16,1,1
1,4,46,34,2,2,14,57,1,1
2,4,46,35,2,6,14,12,1,1
3,4,46,36,2,10,14,14,1,0
4,4,46,37,2,14,14,20,1,1
5,4,46,38,4,20,16,15,1,1
6,4,46,39,2,22,14,12,1,1
7,4,46,40,4,28,16,23,1,1
8,4,46,41,3,31,15,15,1,1
9,4,46,42,2,34,14,21,1,1
10,4,46,43,2,38,14,20,1,1
11,4,46,44,2,42,14,11,1,1
1,5,46,45,3,3,19,24,1,1
2,5,46,46,3,7,19,15,1,1
3,5,46,47,4,12,20,9,1,1
4,5,46,48,3,15,19,11,1,1
5,5,46,49,3,19,19,14,1,1
6,5,46,50,2,22,18,11,1,1
7,5,46,51,1,25,17,18,1,1
8,5,46,52,2,30,18,10,1,1
9,5,46,53,2,34,18,10,1,1
10,5,46,54,2,38,18,3,1,1
11,5,46,55,3,43,19,16,1,1
1,1,47,1,1,1,1,15,1,0
2,1,47,2,4,8,4,21,1,1
3,1,47,3,4,12,4,9,1,0
4,1,47,4,3,15,3,31,1,1
5,1,47,5,3,19,3,14,1,0
6,1,47,6,2,22,2,23,1,0
7,1,47,7,4,28,4,13,1,1
8,1,47,8,2,30,2,8,1,1
9,1,47,9,2,34,2,8,1,1
10,1,47,10,2,38,2,12,1,1
11,1,47,11,2,42,2,12,1,0
1,2,47,12,2,2,6,14,1,1
2,2,47,13,2,6,6,13,1,1
3,2,47,14,2,10,6,10,1,0
4,2,47,15,3,15,7,8,1,0
5,2,47,16,3,19,7,13,1,1
6,2,47,17,2,22,6,21,1,1
7,2,47,18,3,27,7,16,1,1
8,2,47,19,2,30,6,18,1,1
9,2,47,20,2,34,6,25,1,1
10,2,47,21,2,38,6,15,1,1
11,2,47,22,2,42,6,9,1,1
1,3,47,23,3,3,11,7,1,1
2,3,47,24,3,7,11,13,1,1
3,3,47,25,3,11,11,8,1,1
4,3,47,26,3,15,11,23,1,1
5,3,47,27,4,20,12,7,1,1
6,3,47,28,3,23,11,13,1,1
7,3,47,29,2,26,10,11,1,1
8,3,47,30,3,31,11,9,1,1
9,3,47,31,2,34,10,21,1,1
10,3,47,32,2,38,10,13,1,0
11,3,47,33,2,42,10,19,1,1
1,4,47,34,3,3,15,12,1,1
2,4,47,35,3,7,15,7,1,1
3,4,47,36,4,12,16,7,1,1
4,4,47,37,1,13,13,23,1,1
5,4,47,38,1,17,13,17,1,1
6,4,47,39,2,22,14,13,1,1
7,4,47,40,3,27,15,31,1,1
8,4,47,41,1,29,13,6,1,0
9,4,47,42,3,35,15,5,1,1
10,4,47,43,1,37,13,12,1,1
11,4,47,44,3,43,15,26,1,1
1,5,47,45,1,1,17,19,1,0
2,5,47,46,2,6,18,25,1,1
3,5,47,47,3,11,19,19,1,1
4,5,47,48,3,15,19,26,1,1
5,5,47,49,4,20,20,3,1,1
6,5,47,50,1,21,17,6,1,0
7,5,47,51,2,26,18,13,1,1
8,5,47,52,3,31,19,11,1,1
9,5,47,53,4,36,20,5,1,1
10,5,47,54,3,39,19,18,1,1
11,5,47,55,4,44,20,26,1,1
1,1,48,1,3,3,3,6,1,1
2,1,48,2,3,7,3,6,1,0
3,1,48,3,1,9,1,5,1,0
4,1,48,4,3,15,3,15,1,1
5,1,48,5,1,17,1,11,1,1
6,1,48,6,2,22,2,13,1,1
7,1,48,7,2,26,2,28,1,1
8,1,48,8,2,30,2,5,1,1
9,1,48,9,4,36,4,20,1,0
10,1,48,10,2,38,2,4,1,1
11,1,48,11,3,43,3,7,1,1
1,2,48,12,3,3,7,22,1,1
2,2,48,13,2,6,6,13,1,1
3,2,48,14,2,10,6,39,1,1
4,2,48,15,4,16,8,4,1,1
5,2,48,16,1,17,5,6,1,1
6,2,48,17,1,21,5,19,1,1
7,2,48,18,2,26,6,10,1,1
8,2,48,19,3,31,7,9,1,1
9,2,48,20,2,34,6,10,1,1
10,2,48,21,3,39,7,12,1,1
11,2,48,22,3,43,7,5,1,1
1,3,48,23,1,1,9,12,1,1
2,3,48,24,1,5,9,3,1,0
3,3,48,25,2,10,10,8,1,1
4,3,48,26,2,14,10,10,1,1
5,3,48,27,3,19,11,10,1,1
6,3,48,28,1,21,9,7,1,0
7,3,48,29,1,25,9,6,1,1
8,3,48,30,4,32,12,10,1,1
9,3,48,31,2,34,10,16,1,1
10,3,48,32,4,40,12,21,1,1
11,3,48,33,3,43,11,13,1,1
1,4,48,34,2,2,14,10,1,1
2,4,48,35,3,7,15,26,1,1
3,4,48,36,1,9,13,13,1,0
4,4,48,37,3,15,15,12,1,1
5,4,48,38,3,19,15,12,1,1
6,4,48,39,3,23,15,14,1,1
7,4,48,40,3,27,15,8,1,1
8,4,48,41,3,31,15,19,1,1
9,4,48,42,3,35,15,7,1,1
10,4,48,43,4,40,16,8,1,1
11,4,48,44,3,43,15,10,1,1
1,5,48,45,2,2,18,20,1,0
2,5,48,46,3,7,19,17,1,1
3,5,48,47,1,9,17,26,1,1
4,5,48,48,2,14,18,27,1,1
5,5,48,49,4,20,20,10,1,1
6,5,48,50,2,22,18,24,1,1
7,5,48,51,3,27,19,20,1,1
8,5,48,52,2,30,18,7,1,1
9,5,48,53,3,35,19,14,1,1
10,5,48,54,3,39,19,3,1,1
11,5,48,55,2,42,18,5,1,1
1,1,49,1,3,3,3,17,1,1
2,1,49,2,2,6,2,21,1,0
3,1,49,3,3,11,3,16,1,1
4,1,49,4,3,15,3,5,1,1
5,1,49,5,4,20,4,19,1,1
6,1,49,6,4,24,4,16,1,1
7,1,49,7,2,26,2,20,1,1
8,1,49,8,1,29,1,10,1,1
9,1,49,9,3,35,3,7,1,1
10,1,49,10,1,37,1,53,1,1
11,1,49,11,4,44,4,18,1,1
1,2,49,12,3,3,7,13,1,1
2,2,49,13,2,6,6,10,1,0
3,2,49,14,4,12,8,12,1,1
4,2,49,15,3,15,7,11,1,1
5,2,49,16,3,19,7,8,1,1
6,2,49,17,3,23,7,10,1,1
7,2,49,18,2,26,6,12,1,1
8,2,49,19,2,30,6,13,1,1
9,2,49,20,2,34,6,4,1,1
10,2,49,21,2,38,6,5,1,1
11,2,49,22,2,42,6,6,1,1
1,3,49,23,3,3,11,7,1,0
2,3,49,24,4,8,12,8,1,1
3,3,49,25,2,10,10,15,1,1
4,3,49,26,2,14,10,7,1,1
5,3,49,27,3,19,11,13,1,1
6,3,49,28,3,23,11,12,1,1
7,3,49,29,4,28,12,8,1,1
8,3,49,30,2,30,10,9,1,1
9,3,49,31,4,36,12,11,1,1
10,3,49,32,1,37,9,14,1,1
11,3,49,33,2,42,10,8,1,1
1,4,49,34,2,2,14,8,1,0
2,4,49,35,1,5,13,17,1,0
3,4,49,36,3,11,15,12,1,1
4,4,49,37,2,14,14,11,1,1
5,4,49,38,2,18,14,10,1,1
6,4,49,39,1,21,13,14,1,1
7,4,49,40,3,27,15,15,1,1
8,4,49,41,3,31,15,11,1,1
9,4,49,42,2,34,14,7,1,1
10,4,49,43,3,39,15,5,1,1
11,4,49,44,3,43,15,6,1,1
1,5,49,45,3,3,19,7,1,0
2,5,49,46,2,6,18,20,1,0
3,5,49,47,3,11,19,9,1,1
4,5,49,48,1,13,17,7,1,0
5,5,49,49,2,18,18,10,1,1
6,5,49,50,4,24,20,11,1,1
7,5,49,51,4,28,20,7,1,1
8,5,49,52,4,32,20,17,1,1
9,5,49,53,2,34,18,34,1,1
10,5,49,54,4,40,20,13,1,1
11,5,49,55,1,41,17,27,1,1
1,1,50,1,3,3,3,15,1,1
2,1,50,2,2,6,2,11,1,0
3,1,50,3,3,11,3,19,1,1
4,1,50,4,2,14,2,8,1,1
5,1,50,5,2,18,2,6,1,1
6,1,50,6,3,23,3,6,1,1
7,1,50,7,2,26,2,13,1,1
8,1,50,8,1,29,1,13,1,1
9,1,50,9,2,34,2,8,1,1
10,1,50,10,3,39,3,10,1,1
11,1,50,11,1,41,1,17,1,1
1,2,50,12,2,2,6,11,1,1
2,2,50,13,4,8,8,29,1,1
3,2,50,14,1,9,5,9,1,0
4,2,50,15,1,13,5,10,1,0
5,2,50,16,2,18,6,8,1,1
6,2,50,17,4,24,8,8,1,1
7,2,50,18,3,27,7,11,1,1
8,2,50,19,2,30,6,9,1,1
9,2,50,20,1,33,5,7,1,1
10,2,50,21,3,39,7,13,1,1
11,2,50,22,1,41,5,6,1,1
1,3,50,23,2,2,10,5,1,1
2,3,50,24,3,7,11,14,1,1
3,3,50,25,4,12,12,25,1,1
4,3,50,26,3,15,11,16,1,0
5,3,50,27,2,18,10,7,1,1
6,3,50,28,3,23,11,16,1,1
7,3,50,29,2,26,10,9,1,1
8,3,50,30,3,31,11,14,1,1
9,3,50,31,3,35,11,8,1,1
10,3,50,32,3,39,11,17,1,1
11,3,50,33,1,41,9,10,1,1
1,4,50,34,3,3,15,7,1,0
2,4,50,35,2,6,14,22,1,0
3,4,50,36,3,11,15,13,1,1
4,4,50,37,1,13,13,10,1,1
5,4,50,38,3,19,15,5,1,1
6,4,50,39,2,22,14,11,1,1
7,4,50,40,1,25,13,14,1,1
8,4,50,41,2,30,14,10,1,1
9,4,50,42,2,34,14,13,1,1
10,4,50,43,4,40,16,12,1,1
11,4,50,44,3,43,15,7,1,1
1,5,50,45,2,2,18,8,1,0
2,5,50,46,2,6,18,8,1,1
3,5,50,47,2,10,18,7,1,1
4,5,50,48,2,14,18,18,1,1
5,5,50,49,3,19,19,21,1,1
6,5,50,50,2,22,18,15,1,1
7,5,50,51,2,26,18,11,1,1
8,5,50,52,3,31,19,9,1,1
9,5,50,53,3,35,19,7,1,1
10,5,50,54,3,39,19,36,1,1
11,5,50,55,4,44,20,22,1,1
